USER_ID,frequence,amount,average,recently,TYPE
2361,41,34784.0,146.77,0,非流失
3478,37,33570.0,145.32,3,非流失
3430,34,31903.0,142.42,4,非流失
3762,33,30394.0,146.12,3,非流失
2797,33,30849.0,155.80,7,非流失
3768,33,32699.0,157.97,2,非流失
3307,33,30400.0,152.76,8,非流失
3225,32,28695.0,145.66,1,非流失
2147,32,27088.0,141.08,5,非流失
1078,32,30863.0,155.09,5,非流失
3240,32,30696.0,149.74,8,非流失
3232,31,25711.0,150.36,6,非流失
3670,31,25826.0,155.58,1,非流失
2959,31,29614.0,146.60,3,非流失
1461,30,33055.0,164.45,3,非流失
1210,29,25245.0,143.44,4,非流失
2276,29,24449.0,149.99,2,非流失
3639,29,24288.0,151.80,9,非流失
2074,28,28234.0,151.80,7,非流失
2600,28,25658.0,142.54,2,非流失
2181,28,25069.0,157.67,-1,非流失
3513,28,24983.0,145.25,4,非流失
2466,27,24464.0,148.27,12,非流失
3604,27,25646.0,147.39,0,非流失
3244,27,24677.0,149.56,8,非流失
3835,27,23711.0,146.36,8,非流失
2488,25,25564.0,154.00,2,非流失
1131,25,18910.0,163.02,5,非流失
3568,25,19427.0,144.98,3,非流失
2243,25,26742.0,152.81,2,非流失
2844,25,24916.0,162.85,17,非流失
1124,23,21466.0,136.73,21,非流失
3138,23,20373.0,149.80,0,非流失
1081,23,22562.0,156.68,4,非流失
1771,23,18772.0,146.66,3,非流失
3770,22,20097.0,152.25,17,非流失
2571,22,20509.0,153.05,6,非流失
1510,19,16044.0,138.31,9,非流失
2208,8,7655.0,139.18,122,非流失
3362,8,8794.0,141.84,27,非流失
3806,8,5927.0,137.84,35,非流失
2892,7,4432.0,158.29,39,非流失
1511,7,7762.0,158.41,4,非流失
2761,7,4509.0,132.62,20,非流失
2626,7,6311.0,146.77,26,非流失
1141,7,4537.0,146.35,54,非流失
3593,7,5946.0,135.14,7,非流失
2829,7,6286.0,149.67,41,非流失
2144,7,6380.0,145.00,19,非流失
1147,7,8270.0,153.15,16,非流失
2947,6,4477.0,144.42,52,非流失
1475,6,7465.0,155.52,54,非流失
1775,6,6175.0,150.61,20,非流失
3786,6,4557.0,147.00,10,非流失
1282,6,7222.0,150.46,32,非流失
3304,6,6901.0,160.49,26,非流失
3542,6,5678.0,153.46,55,非流失
1284,6,4861.0,156.81,21,非流失
3809,6,6022.0,150.55,24,非流失
2678,6,6388.0,148.56,21,非流失
3273,6,4917.0,153.66,2,非流失
2791,6,4202.0,175.08,0,非流失
3313,6,5118.0,150.53,13,非流失
3196,6,5819.0,171.15,77,非流失
2672,6,7267.0,151.40,4,非流失
1886,6,5755.0,164.43,16,非流失
2506,6,3683.0,153.46,0,非流失
2505,6,5700.0,142.50,20,非流失
3235,6,6206.0,155.15,55,非流失
3239,6,4965.0,160.16,7,非流失
2088,6,5049.0,153.00,16,非流失
2092,6,5385.0,158.38,13,非流失
3037,6,4698.0,138.18,12,非流失
1868,6,5613.0,160.37,3,非流失
3769,6,4299.0,143.30,15,非流失
1307,6,2718.0,151.00,54,非流失
1737,6,5198.0,173.27,54,非流失
3532,6,5940.0,156.32,38,非流失
2055,6,5126.0,160.19,21,非流失
1534,6,3924.0,150.92,47,非流失
1722,6,6418.0,168.89,11,非流失
2332,6,3816.0,152.64,16,非流失
3563,6,4372.0,156.14,2,非流失
2538,6,5258.0,146.06,36,非流失
3042,6,3558.0,142.32,9,非流失
3091,6,6322.0,154.20,7,非流失
1353,6,6631.0,165.78,13,非流失
2278,6,6175.0,154.38,3,非流失
3590,6,6846.0,171.15,6,非流失
3349,6,2943.0,127.96,84,非流失
2952,5,5264.0,159.52,3,非流失
3634,5,3291.0,156.71,99,准流失
2971,5,5686.0,153.68,1,非流失
1106,5,5009.0,166.97,79,非流失
2582,5,3288.0,121.78,33,非流失
3115,5,3348.0,133.92,45,非流失
3079,5,3237.0,119.89,26,非流失
1944,5,2663.0,147.94,40,非流失
3320,5,6958.0,169.71,21,非流失
2935,5,5065.0,148.97,14,非流失
3150,5,6428.0,156.78,0,非流失
3102,5,5064.0,158.25,23,非流失
1497,5,4413.0,129.79,92,非流失
1501,5,5329.0,152.26,61,非流失
1299,5,3914.0,170.17,5,非流失
1537,5,2747.0,161.59,36,非流失
3146,5,4530.0,167.78,57,非流失
3330,5,5654.0,148.79,12,非流失
1420,5,3945.0,136.03,88,非流失
2227,5,3721.0,143.12,44,非流失
1913,5,4300.0,165.38,25,非流失
2429,5,4697.0,173.96,26,非流失
2501,5,3388.0,147.30,69,非流失
3684,5,4010.0,133.67,101,非流失
1444,5,3965.0,158.60,9,非流失
3270,5,5368.0,145.08,141,非流失
1709,5,4690.0,146.56,44,非流失
3405,5,4955.0,150.15,4,非流失
3617,5,5855.0,139.40,57,非流失
2658,5,4109.0,132.55,39,非流失
2936,5,6488.0,144.18,5,非流失
1169,5,5382.0,185.59,60,非流失
2807,5,3861.0,148.50,52,非流失
1260,5,5384.0,149.56,22,非流失
1209,5,4107.0,164.28,12,非流失
1276,5,5502.0,177.48,36,非流失
2727,5,3832.0,166.61,105,非流失
3329,5,4752.0,148.50,8,非流失
1281,5,4447.0,143.45,44,非流失
3010,5,3909.0,122.16,46,非流失
1411,5,4416.0,147.20,99,非流失
2337,5,4992.0,138.67,45,非流失
1285,5,5119.0,170.63,11,非流失
2487,5,4478.0,144.45,80,非流失
1379,5,4153.0,125.85,2,非流失
3426,5,4064.0,156.31,3,非流失
2455,5,4320.0,166.15,68,非流失
2201,5,5148.0,151.41,12,非流失
1729,5,3917.0,139.89,26,非流失
2676,5,2835.0,157.50,25,非流失
2953,5,6601.0,165.03,24,非流失
1732,5,3735.0,149.40,19,非流失
2266,5,5206.0,137.00,1,非流失
1246,5,3615.0,129.11,24,非流失
2981,5,4681.0,156.03,20,非流失
1975,5,3352.0,152.36,53,非流失
2238,5,4445.0,143.39,47,非流失
1695,5,4854.0,142.76,55,非流失
2210,5,4431.0,147.70,10,非流失
1919,5,3783.0,126.10,32,非流失
1594,5,3761.0,134.32,55,非流失
3805,5,4609.0,144.03,0,非流失
3077,5,4576.0,163.43,34,非流失
3283,5,5407.0,146.14,38,非流失
2588,5,4945.0,159.52,23,非流失
2580,5,5557.0,142.49,35,非流失
1032,5,3450.0,132.69,55,非流失
2528,5,3476.0,144.83,52,非流失
2368,5,3332.0,138.83,46,非流失
3821,5,4306.0,138.90,31,非流失
2030,5,3730.0,138.15,27,非流失
2193,5,4310.0,134.69,27,非流失
2893,5,4379.0,141.26,53,非流失
1787,5,3632.0,113.50,49,非流失
1934,5,4191.0,139.70,14,非流失
2286,5,2899.0,138.05,25,非流失
2901,5,2789.0,132.81,98,非流失
2032,5,5160.0,156.36,37,非流失
1144,5,3921.0,145.22,43,非流失
3706,5,4465.0,144.03,15,非流失
2019,5,4527.0,174.12,37,非流失
2157,5,5589.0,151.05,42,非流失
1976,5,5399.0,163.61,46,非流失
1168,5,3283.0,121.59,18,非流失
2149,5,4084.0,140.83,21,非流失
2057,5,3188.0,132.83,4,非流失
3820,4,3595.0,133.15,97,非流失
3555,4,3152.0,131.33,6,非流失
3089,4,3973.0,152.81,89,非流失
1846,4,4860.0,162.00,63,非流失
1518,4,3274.0,148.82,67,非流失
1187,4,4423.0,138.22,46,非流失
3771,4,3264.0,136.00,91,非流失
2207,4,2821.0,134.33,40,非流失
1809,4,3916.0,170.26,86,非流失
2493,4,2709.0,142.58,13,非流失
3090,4,3136.0,156.80,26,非流失
1452,4,2437.0,187.46,43,准流失
3093,4,2899.0,115.96,77,非流失
2251,4,3646.0,135.04,46,非流失
3543,4,4193.0,131.03,69,非流失
1344,4,2670.0,148.33,54,非流失
2497,4,2727.0,160.41,14,非流失
1191,4,3624.0,129.43,22,非流失
2403,4,3005.0,125.21,51,非流失
2427,4,2073.0,115.17,44,非流失
1670,4,2496.0,146.82,33,非流失
2982,4,3445.0,149.78,20,非流失
2921,4,3809.0,131.34,45,非流失
3021,4,4317.0,166.04,105,非流失
3101,4,2520.0,132.63,68,非流失
3113,4,3950.0,158.00,51,非流失
1974,4,5085.0,158.91,75,非流失
3433,4,4372.0,161.93,40,非流失
3627,4,3163.0,143.77,33,非流失
1798,4,3885.0,149.42,6,非流失
2029,4,3372.0,160.57,9,非流失
3174,4,4742.0,152.97,9,非流失
1123,4,1453.0,161.44,12,准流失
1119,4,4878.0,152.44,90,非流失
3186,4,5127.0,170.90,8,非流失
1646,4,5049.0,174.10,57,非流失
1917,4,2544.0,181.71,32,非流失
3695,4,2384.0,140.24,79,已流失
3711,4,2253.0,160.93,27,准流失
1750,4,3620.0,150.83,53,非流失
3799,4,4693.0,146.66,-1,非流失
3775,4,3054.0,132.78,117,非流失
1099,4,2322.0,110.57,5,非流失
3803,4,3209.0,168.89,41,非流失
3142,4,1765.0,126.07,40,非流失
988,4,4388.0,162.52,137,非流失
3353,4,2923.0,127.09,9,非流失
2973,4,3229.0,169.95,0,非流失
1083,4,2435.0,135.28,11,准流失
996,4,2097.0,161.31,58,准流失
2965,4,3479.0,165.67,4,非流失
3130,4,3399.0,147.78,17,非流失
1610,4,2808.0,133.71,34,非流失
3126,4,2541.0,169.40,80,非流失
3823,4,3908.0,162.83,11,非流失
3715,4,3671.0,135.96,14,非流失
1075,4,3509.0,146.21,40,非流失
1590,4,3349.0,159.48,71,非流失
3202,4,3532.0,168.19,0,非流失
1873,4,3243.0,154.43,7,非流失
2386,4,5746.0,169.00,97,非流失
2022,4,3528.0,160.36,2,非流失
2511,4,3314.0,144.09,0,非流失
3107,4,3647.0,158.57,3,非流失
3095,4,3110.0,135.22,50,非流失
2274,4,4343.0,140.10,69,非流失
1208,4,3765.0,144.81,44,非流失
2733,4,4710.0,130.83,5,非流失
2574,4,3859.0,148.42,20,非流失
3047,4,4037.0,155.27,10,非流失
3007,4,3123.0,141.95,37,非流失
2258,4,2750.0,161.76,131,非流失
2246,4,1723.0,107.69,24,非流失
2809,4,4000.0,142.86,2,非流失
3277,4,3464.0,164.95,11,非流失
3281,4,4242.0,169.68,84,非流失
3323,4,4912.0,169.38,16,非流失
2186,4,3324.0,166.20,11,非流失
1314,4,3452.0,138.08,52,非流失
2534,4,2491.0,131.11,93,准流失
1200,4,4077.0,151.00,115,非流失
2585,4,3824.0,152.96,16,非流失
3127,4,3256.0,148.00,15,非流失
2769,4,2902.0,145.10,-1,非流失
3195,4,5540.0,167.88,135,非流失
2406,4,4396.0,141.81,123,非流失
3203,4,2390.0,140.59,38,非流失
3211,4,3330.0,151.36,6,非流失
2414,4,3904.0,150.15,15,非流失
1142,4,4320.0,144.00,14,非流失
2426,4,4337.0,166.81,70,非流失
1170,4,4933.0,149.48,104,非流失
2434,4,5204.0,157.70,18,非流失
2358,4,3861.0,160.88,4,非流失
1174,4,3647.0,151.96,87,非流失
2478,4,4290.0,158.89,21,非流失
1196,4,5265.0,169.84,40,非流失
2322,4,4716.0,142.91,78,非流失
1244,4,3806.0,173.00,-7,非流失
1248,4,4531.0,151.03,-4,非流失
2670,4,4103.0,170.96,72,非流失
2162,4,2737.0,130.33,54,非流失
2699,4,4580.0,163.57,15,非流失
3427,4,1798.0,179.80,76,准流失
2671,4,3711.0,148.44,46,非流失
3145,4,4866.0,173.79,127,非流失
1292,4,3897.0,155.88,67,非流失
2886,4,3448.0,164.19,38,非流失
2609,4,3198.0,152.29,99,非流失
3141,4,3710.0,137.41,13,非流失
3483,4,3181.0,159.05,40,非流失
2575,4,2709.0,123.14,147,准流失
2914,4,4056.0,150.22,31,非流失
2918,4,3827.0,147.19,27,非流失
1296,4,3545.0,161.14,2,非流失
2926,4,3534.0,160.64,81,非流失
1438,4,3454.0,157.00,32,非流失
2814,4,4747.0,163.69,87,非流失
1374,4,3691.0,136.70,18,非流失
2743,4,2138.0,125.76,37,非流失
2134,4,1790.0,137.69,18,准流失
2673,4,4591.0,163.96,1,非流失
1318,4,3780.0,126.00,22,非流失
2702,4,3364.0,160.19,19,非流失
2150,4,1767.0,147.25,36,准流失
1330,4,3440.0,172.00,1,非流失
2665,4,4610.0,170.74,15,非流失
3383,4,2592.0,123.43,31,非流失
2778,4,5075.0,158.59,7,非流失
2742,4,4888.0,152.75,3,非流失
2750,4,3401.0,161.95,69,非流失
1346,4,3496.0,139.84,16,非流失
2853,4,5334.0,183.93,42,非流失
1104,4,2659.0,139.95,2,非流失
2775,4,4565.0,163.04,23,非流失
2494,4,3371.0,146.57,10,非流失
1889,4,2985.0,175.59,58,非流失
3646,4,3020.0,137.27,4,非流失
3402,4,3316.0,165.80,19,非流失
1608,4,1717.0,122.64,9,非流失
3829,4,4323.0,144.10,3,非流失
3834,4,3241.0,129.64,10,非流失
3432,4,3064.0,153.20,11,非流失
3838,4,4271.0,147.28,73,非流失
2297,4,3681.0,167.32,24,非流失
1397,4,3311.0,127.35,31,非流失
2476,4,2634.0,146.33,9,非流失
1157,4,4256.0,146.76,104,非流失
2448,4,4176.0,139.20,6,非流失
1149,4,2611.0,145.06,58,非流失
1145,4,4358.0,140.58,30,非流失
3554,4,2633.0,131.65,7,非流失
1795,4,5436.0,164.73,3,非流失
1371,4,5338.0,144.27,22,非流失
3512,4,4531.0,174.27,83,非流失
2281,4,5171.0,156.70,18,非流失
2269,4,3864.0,148.62,3,非流失
2145,4,3224.0,169.68,105,非流失
1137,4,4199.0,161.50,19,非流失
2732,4,5065.0,163.39,35,非流失
2784,4,5042.0,157.56,13,非流失
2792,4,4498.0,160.64,62,非流失
2796,4,2004.0,133.60,37,非流失
1663,4,3714.0,148.56,49,非流失
1835,4,4052.0,144.71,18,非流失
1839,4,2512.0,139.56,51,非流失
1331,4,4315.0,165.96,59,非流失
2496,4,4184.0,167.36,62,非流失
3384,4,5151.0,151.50,70,非流失
2377,4,4186.0,167.44,22,非流失
2592,4,4830.0,166.55,27,非流失
3272,4,2526.0,168.40,72,准流失
2664,4,3986.0,166.08,31,非流失
3774,4,3615.0,157.17,80,非流失
3486,4,3718.0,154.92,64,非流失
1735,4,4280.0,158.52,69,非流失
1201,4,3980.0,147.41,11,非流失
1719,4,2481.0,165.40,67,准流失
3794,4,3191.0,145.05,67,非流失
2596,4,2812.0,140.60,13,非流失
1249,4,4482.0,179.28,44,非流失
3300,4,4291.0,153.25,68,非流失
1451,4,4356.0,161.33,39,非流失
1455,4,4111.0,141.76,12,非流失
3510,4,2940.0,147.00,10,非流失
3372,4,4076.0,163.04,2,非流失
1189,4,3243.0,135.12,7,非流失
1419,4,3045.0,132.39,18,非流失
3518,4,3287.0,121.74,13,非流失
3681,4,2322.0,136.59,43,非流失
1715,4,3554.0,126.93,39,非流失
2105,4,4225.0,162.50,27,非流失
1711,4,4793.0,136.94,57,非流失
1399,4,2752.0,152.89,14,非流失
1305,4,4649.0,154.97,15,非流失
3673,4,3516.0,130.22,93,非流失
3758,4,3678.0,153.25,71,非流失
2121,4,4789.0,149.66,8,非流失
3368,4,3216.0,134.00,81,非流失
3378,4,3863.0,154.52,45,非流失
2360,4,4100.0,164.00,56,非流失
1259,4,3001.0,142.90,2,非流失
2172,4,4188.0,130.88,49,非流失
2932,4,2997.0,149.85,41,非流失
1967,4,2744.0,124.73,44,非流失
2240,4,2075.0,138.33,44,准流失
1589,4,2782.0,163.65,52,非流失
1860,4,3149.0,185.24,2,非流失
1267,4,3988.0,132.93,22,非流失
3525,4,3330.0,144.78,43,非流失
1999,4,4005.0,143.04,16,非流失
3088,4,3740.0,138.52,96,非流失
2168,4,4581.0,163.61,95,非流失
1573,4,3466.0,144.42,12,非流失
3012,4,2736.0,136.80,28,非流失
1617,4,4600.0,153.33,-1,非流失
1673,4,4318.0,179.92,9,非流失
1987,4,3514.0,140.56,4,非流失
2164,4,3473.0,157.86,22,非流失
2040,4,4952.0,150.06,17,非流失
3016,4,2163.0,154.50,16,准流失
1567,4,3062.0,145.81,3,非流失
1615,4,3887.0,155.48,-1,非流失
3096,4,4222.0,140.73,79,非流失
1524,4,2477.0,137.61,26,非流失
3112,4,4449.0,171.12,17,非流失
2824,4,3821.0,136.46,75,非流失
1704,4,3880.0,149.23,69,非流失
2304,4,4417.0,142.48,7,非流失
1493,4,4322.0,149.03,24,非流失
1859,4,2537.0,149.24,47,非流失
1871,4,3863.0,160.96,122,非流失
2288,4,3117.0,141.68,52,非流失
2053,4,2571.0,135.32,35,非流失
2984,4,4581.0,147.77,55,非流失
2996,4,4213.0,175.54,13,非流失
1599,4,3501.0,159.14,57,非流失
3725,4,3530.0,135.77,30,非流失
3152,4,3242.0,147.36,24,非流失
1069,4,4013.0,143.32,52,非流失
3334,4,3723.0,137.89,27,非流失
3760,4,4399.0,157.11,35,非流失
2836,4,2915.0,126.74,126,非流失
3674,4,3315.0,165.75,12,非流失
2393,4,4502.0,132.41,3,非流失
2015,4,4100.0,132.26,55,非流失
2916,3,1119.0,139.88,51,准流失
3199,3,1345.0,134.50,0,准流失
1290,3,2086.0,139.07,134,准流失
2680,3,2364.0,124.42,140,准流失
1120,3,1151.0,115.10,15,非流失
1716,3,2499.0,178.50,2,非流失
2900,3,2680.0,157.65,50,非流失
3331,3,2165.0,144.33,83,准流失
2912,3,1424.0,118.67,16,非流失
1940,3,3322.0,166.10,22,非流失
2884,3,3258.0,148.09,7,非流失
3209,3,1967.0,140.50,11,非流失
2800,3,2320.0,128.89,87,准流失
1752,3,2746.0,183.07,15,准流失
1136,3,2998.0,166.56,3,非流失
1214,3,3182.0,167.47,85,非流失
1238,3,2102.0,150.14,89,准流失
2780,3,1518.0,126.50,84,准流失
1740,3,2480.0,155.00,63,已流失
1152,3,3020.0,151.00,130,准流失
2716,3,1502.0,136.55,51,准流失
2688,3,2629.0,131.45,30,非流失
1262,3,3284.0,136.83,75,非流失
2852,3,2878.0,143.90,51,非流失
3201,3,2255.0,125.28,100,准流失
3311,3,2251.0,150.07,3,非流失
2808,3,2418.0,151.12,72,准流失
3315,3,2384.0,183.38,44,准流失
3319,3,3183.0,167.53,158,准流失
2684,3,2106.0,140.40,15,非流失
2856,3,2485.0,146.18,166,准流失
1190,3,3356.0,152.55,137,准流失
2876,3,3143.0,136.65,44,非流失
3173,3,2210.0,170.00,75,准流失
1186,3,2906.0,132.09,94,非流失
1112,3,3479.0,158.14,47,非流失
1472,3,2102.0,131.38,13,非流失
1108,3,3306.0,150.27,27,非流失
3667,3,3411.0,148.30,34,非流失
2176,3,2927.0,172.18,41,非流失
2196,3,2277.0,162.64,47,准流失
2216,3,3277.0,156.05,110,非流失
1578,3,2209.0,129.94,16,非流失
3057,3,4504.0,160.86,39,非流失
1570,3,4019.0,148.85,51,非流失
1852,3,3687.0,167.59,40,非流失
1562,3,2461.0,136.72,67,准流失
3607,3,2971.0,141.48,24,非流失
1558,3,3404.0,162.10,6,非流失
1554,3,2918.0,153.58,41,非流失
2268,3,3173.0,167.00,114,准流失
3073,3,2151.0,143.40,102,已流失
1028,3,4091.0,194.81,51,非流失
1526,3,3865.0,154.60,17,非流失
2324,3,2234.0,171.85,6,非流失
2340,3,2121.0,163.15,15,准流失
3663,3,2544.0,133.89,105,准流失
2160,3,2863.0,150.68,-1,非流失
2656,3,3344.0,159.24,62,非流失
2124,3,3844.0,160.17,65,非流失
3017,3,2254.0,187.83,4,准流失
1682,3,3337.0,175.63,63,非流失
1674,3,2083.0,160.23,11,准流失
1932,3,3476.0,151.13,4,非流失
1964,3,1886.0,145.08,98,准流失
1972,3,3011.0,130.91,74,非流失
1996,3,3536.0,147.33,126,非流失
1658,3,2073.0,159.46,63,准流失
1908,3,2568.0,183.43,62,准流失
1642,3,3205.0,145.68,101,非流失
3687,3,3053.0,160.68,9,非流失
1638,3,3552.0,136.62,78,非流失
2044,3,2351.0,156.73,12,准流失
1904,3,2873.0,136.81,28,非流失
3683,3,1508.0,125.67,31,准流失
2080,3,1687.0,187.44,5,非流失
1888,3,2329.0,122.58,4,非流失
3559,3,2067.0,159.00,15,准流失
2364,3,3601.0,163.68,123,非流失
1506,3,1443.0,131.18,113,准流失
3551,3,3213.0,169.11,23,非流失
3129,3,3103.0,141.05,48,非流失
3463,3,2205.0,137.81,34,准流失
2948,3,3168.0,158.40,64,非流失
2520,3,2918.0,138.95,66,非流失
1100,3,2308.0,164.86,13,非流失
1772,3,1613.0,107.53,74,准流失
2556,3,3075.0,153.75,56,非流失
2564,3,2648.0,176.53,20,非流失
3419,3,3003.0,130.57,118,非流失
3415,3,2823.0,148.58,26,非流失
1362,3,2418.0,120.90,38,非流失
1358,3,2729.0,143.63,96,非流失
3399,3,1961.0,150.85,20,准流失
1342,3,2284.0,163.14,12,准流失
3387,3,3354.0,139.75,28,非流失
2640,3,2300.0,153.33,-1,非流失
3379,3,2292.0,152.80,10,非流失
3125,3,2403.0,171.64,63,准流失
2504,3,3017.0,201.13,78,非流失
3471,3,1884.0,171.27,22,准流失
1486,3,2333.0,155.53,56,准流失
1502,3,1350.0,135.00,7,准流失
1498,3,2526.0,148.59,150,已流失
2376,3,1771.0,104.18,45,非流失
3841,3,2220.0,116.84,153,准流失
2404,3,2367.0,131.50,62,准流失
1784,3,2903.0,170.76,19,非流失
2444,3,3249.0,154.71,26,非流失
3117,3,2552.0,170.13,4,非流失
3479,3,3362.0,160.10,68,非流失
1470,3,2874.0,179.62,96,准流失
3511,3,2543.0,121.10,4,非流失
3507,3,2112.0,140.80,74,非流失
3503,3,1954.0,162.83,14,准流失
3495,3,3002.0,150.10,14,非流失
3491,3,1759.0,109.94,31,非流失
3121,3,3254.0,125.15,141,非流失
1394,3,2339.0,137.59,26,非流失
3140,3,2288.0,134.59,107,准流失
2964,3,2363.0,112.52,2,非流失
1388,3,3105.0,155.25,18,非流失
1384,3,3326.0,144.61,39,非流失
2087,3,1552.0,172.44,71,准流失
2083,3,2977.0,148.85,23,非流失
2075,3,3195.0,159.75,65,非流失
3613,3,1618.0,134.83,60,准流失
1481,3,2532.0,148.94,55,非流失
2063,3,3137.0,149.38,17,非流失
2045,3,2374.0,158.27,5,非流失
1392,3,3165.0,150.71,4,非流失
2992,3,2121.0,117.83,21,非流失
1993,3,3669.0,141.12,1,非流失
3581,3,2822.0,141.10,19,非流失
1400,3,3910.0,156.40,62,非流失
1517,3,3115.0,141.59,25,非流失
3584,3,2103.0,123.71,62,准流失
3457,3,1898.0,146.00,55,准流失
1973,3,2538.0,158.62,98,准流失
1969,3,3068.0,146.10,88,非流失
2123,3,2348.0,138.12,23,非流失
2131,3,3815.0,173.41,57,非流失
1469,3,2769.0,125.86,79,非流失
1372,3,3123.0,124.92,24,非流失
1328,3,3344.0,176.00,48,非流失
1393,3,3695.0,194.47,58,非流失
3381,3,1860.0,169.09,43,准流失
2371,3,2275.0,142.19,46,准流失
2315,3,2786.0,126.64,75,非流失
2283,3,4007.0,182.14,24,非流失
3397,3,3085.0,128.54,119,非流失
1352,3,1706.0,142.17,114,准流失
2263,3,2101.0,140.07,80,准流失
3480,3,3153.0,143.32,40,非流失
1433,3,2428.0,151.75,10,非流失
2247,3,2554.0,141.89,0,非流失
3508,3,2119.0,176.58,155,准流失
3516,3,3784.0,145.54,12,非流失
2171,3,2134.0,152.43,48,准流失
3417,3,3000.0,166.67,53,非流失
2155,3,3505.0,152.39,3,非流失
3588,3,2800.0,175.00,6,非流失
3461,3,1258.0,139.78,16,准流失
1545,3,3566.0,155.04,103,非流失
1817,3,2377.0,132.06,18,非流失
3545,3,2210.0,138.12,108,准流失
1653,3,1745.0,116.33,17,非流失
3497,3,3144.0,174.67,12,非流失
3824,3,2086.0,149.00,76,准流失
1665,3,4113.0,178.83,50,非流失
3501,3,2445.0,203.75,8,准流失
1765,3,3090.0,147.14,9,非流失
3812,3,2525.0,180.36,66,非流失
3808,3,3801.0,135.75,10,非流失
1476,3,2765.0,138.25,121,准流失
1753,3,3155.0,126.20,65,非流失
1749,3,3114.0,155.70,37,非流失
3796,3,2257.0,141.06,41,准流失
1464,3,3379.0,198.76,32,非流失
3788,3,2724.0,160.24,17,非流失
3748,3,2629.0,131.45,79,非流失
1701,3,1590.0,122.31,5,非流失
1813,3,3545.0,196.94,14,非流失
3696,3,2932.0,172.47,72,非流失
3612,3,2602.0,123.90,27,非流失
1821,3,3218.0,169.37,30,非流失
1416,3,3823.0,152.92,33,非流失
1937,3,3440.0,149.57,82,非流失
3624,3,2875.0,136.90,98,非流失
3009,3,3291.0,156.71,34,非流失
1877,3,2231.0,123.94,79,准流失
3565,3,2811.0,127.77,19,非流失
3648,3,2765.0,153.61,17,非流失
1869,3,2231.0,111.55,57,非流失
3664,3,3975.0,147.22,76,非流失
3481,3,2125.0,132.81,57,准流失
1849,3,2224.0,148.27,79,准流失
3668,3,2113.0,150.93,49,准流失
1841,3,1490.0,149.00,9,准流失
3680,3,2925.0,162.50,31,非流失
1641,3,3029.0,168.28,9,非流失
1829,3,3273.0,148.77,56,非流失
3692,3,2449.0,144.06,3,准流失
2423,3,2608.0,144.89,37,非流失
2451,3,3268.0,172.00,2,非流失
3657,3,2651.0,115.26,33,非流失
1018,3,3377.0,168.85,97,非流失
3160,3,2323.0,129.06,13,非流失
1117,3,3136.0,142.55,35,非流失
1010,3,3514.0,146.42,54,非流失
1006,3,1991.0,153.15,124,已流失
3051,3,2305.0,144.06,54,已流失
1672,3,2729.0,129.95,58,非流失
986,3,2107.0,162.08,0,非流失
982,3,2110.0,150.71,52,准流失
3717,3,1920.0,137.14,44,准流失
2987,3,2511.0,132.16,15,非流失
3184,3,1331.0,133.10,109,准流失
3188,3,2601.0,144.50,93,非流失
3200,3,1534.0,139.45,6,准流失
1664,3,2180.0,155.71,42,准流失
2883,3,3405.0,170.25,56,非流失
3212,3,3268.0,181.56,16,非流失
2871,3,3134.0,149.24,74,非流失
3063,3,2581.0,184.36,114,非流失
3067,3,2513.0,132.26,83,准流失
3301,3,3246.0,141.13,78,非流失
1101,3,3246.0,154.57,96,非流失
1138,3,3034.0,151.70,27,非流失
3229,3,3314.0,150.64,115,非流失
1122,3,4257.0,170.28,149,非流失
3159,3,1947.0,121.69,13,非流失
3147,3,3221.0,134.21,9,非流失
1094,3,3497.0,194.28,25,非流失
3028,3,2188.0,136.75,2,非流失
3036,3,2511.0,156.94,14,非流失
1090,3,3018.0,143.71,18,非流失
3048,3,3168.0,144.00,5,非流失
1086,3,2302.0,135.41,75,准流失
1017,3,2950.0,155.26,64,非流失
1021,3,3147.0,136.83,6,非流失
1025,3,2813.0,148.05,68,非流失
3080,3,3621.0,172.43,23,非流失
3103,3,3129.0,142.23,77,非流失
3099,3,1764.0,147.00,20,准流失
3297,3,4067.0,150.63,55,非流失
2831,3,3055.0,160.79,178,准流失
2475,3,3725.0,137.96,78,非流失
2679,3,2748.0,152.67,3,非流失
1288,3,2147.0,165.15,14,准流失
2647,3,2335.0,122.89,30,非流失
2643,3,1583.0,158.30,159,准流失
2611,3,2473.0,112.41,8,非流失
1257,3,2737.0,144.05,97,准流失
2603,3,3497.0,174.85,87,非流失
3316,3,2983.0,142.05,48,非流失
2587,3,2073.0,121.94,55,准流失
1293,3,2837.0,189.13,12,非流失
2567,3,3387.0,141.12,43,非流失
2563,3,2724.0,170.25,38,非流失
3677,3,2768.0,138.40,37,非流失
2555,3,2870.0,168.82,14,非流失
2527,3,1869.0,124.60,37,非流失
1313,3,2399.0,171.36,75,准流失
2499,3,3205.0,133.54,54,非流失
1341,3,2601.0,136.89,76,非流失
1245,3,3863.0,167.96,-1,非流失
2691,3,3166.0,175.89,33,非流失
1165,3,2428.0,161.87,6,非流失
2695,3,2248.0,132.24,41,非流失
1173,3,2721.0,123.68,109,准流失
1256,3,2547.0,141.50,4,非流失
2811,3,2115.0,132.19,64,准流失
1177,3,3610.0,164.09,138,非流失
3305,3,3655.0,158.91,10,非流失
3701,3,2380.0,158.67,111,已流失
2783,3,2052.0,171.00,5,准流失
1197,3,1822.0,140.15,100,已流失
2763,3,1114.0,185.67,72,准流失
1268,3,3548.0,154.26,9,非流失
3697,3,3040.0,178.82,34,非流失
3317,3,3857.0,167.70,40,非流失
1272,3,3071.0,153.55,12,非流失
1237,3,2301.0,127.83,-21,非流失
2711,3,2790.0,146.84,23,非流失
2707,3,3206.0,178.11,11,非流失
3288,3,3298.0,149.91,41,非流失
1694,3,3694.0,142.08,13,非流失
2139,3,2027.0,168.92,18,准流失
3214,3,2731.0,170.69,65,准流失
995,3,2188.0,121.56,44,非流失
1091,3,3302.0,157.24,15,非流失
1079,3,3863.0,160.96,24,非流失
1067,3,2227.0,159.07,27,准流失
3106,3,2455.0,163.67,33,准流失
3098,3,3929.0,170.83,23,非流失
3070,3,2639.0,175.93,78,非流失
1011,3,4112.0,178.78,41,非流失
991,3,4254.0,170.16,49,非流失
2457,3,3476.0,173.80,118,准流失
987,3,3608.0,156.87,0,非流失
3002,3,2651.0,139.53,101,非流失
2998,3,2841.0,142.05,14,非流失
2990,3,2861.0,119.21,26,非流失
2970,3,3151.0,210.07,28,非流失
2593,3,3491.0,151.78,46,非流失
2882,3,2364.0,197.00,16,准流失
1095,3,2675.0,148.61,62,非流失
2537,3,2448.0,153.00,114,准流失
3158,3,2829.0,134.71,77,非流失
1115,3,2284.0,134.35,11,非流失
1223,3,3964.0,152.46,128,非流失
3266,3,1718.0,143.17,16,准流失
2477,3,3298.0,183.22,16,非流失
2481,3,2712.0,193.71,106,非流失
3258,3,2846.0,129.36,146,准流失
1207,3,3986.0,173.30,-11,非流失
1203,3,1535.0,170.56,65,准流失
3246,3,2745.0,137.25,101,非流失
1195,3,3430.0,149.13,9,非流失
3238,3,2389.0,125.74,13,非流失
3234,3,2272.0,174.77,58,准流失
3230,3,3592.0,156.17,7,非流失
1167,3,2636.0,146.44,12,非流失
3198,3,3258.0,171.47,114,准流失
3178,3,4097.0,178.13,103,非流失
2874,3,1900.0,172.73,84,准流失
2866,3,2208.0,138.00,69,准流失
2613,3,1644.0,117.43,18,非流失
2502,3,3287.0,142.91,21,非流失
2753,3,1239.0,137.67,131,准流失
2422,3,2897.0,152.47,108,准流失
2765,3,2104.0,161.85,10,准流失
2394,3,2189.0,145.93,0,准流失
2354,3,3635.0,173.10,22,非流失
2350,3,3457.0,157.14,78,非流失
2314,3,2940.0,133.64,129,准流失
2310,3,1237.0,112.45,9,非流失
2785,3,2566.0,171.07,56,准流失
2294,3,2916.0,153.47,70,非流失
2290,3,1856.0,142.77,7,准流失
2270,3,2338.0,146.12,126,准流失
2805,3,1897.0,126.47,81,准流失
2222,3,1673.0,185.89,14,准流失
2202,3,1710.0,155.45,62,已流失
2454,3,2165.0,144.33,11,非流失
2514,3,1799.0,119.93,21,非流失
2854,3,1819.0,139.92,127,准流失
2741,3,2701.0,150.06,9,非流失
2838,3,3358.0,159.90,109,非流失
2625,3,2660.0,177.33,3,非流失
2637,3,2836.0,166.82,0,非流失
2810,3,2089.0,139.27,8,非流失
2802,3,2810.0,147.89,24,非流失
2794,3,1904.0,146.46,5,准流失
2786,3,2197.0,183.08,14,准流失
2734,3,1394.0,116.17,15,准流失
2710,3,2799.0,147.32,122,准流失
2694,3,1926.0,113.29,2,非流失
2705,3,3345.0,176.05,0,非流失
2638,3,2886.0,151.89,6,非流失
2618,3,3102.0,141.00,76,非流失
2546,3,1994.0,142.43,35,准流失
2522,3,2927.0,146.35,35,非流失
2473,3,2846.0,142.30,23,非流失
1235,3,2877.0,143.85,2,非流失
2845,3,2476.0,165.07,25,非流失
1659,3,4045.0,175.87,79,非流失
3826,3,1442.0,180.25,152,已流失
3814,3,2152.0,134.50,85,准流失
1739,3,1839.0,153.25,98,准流失
3782,3,1838.0,141.38,9,非流失
1731,3,2982.0,175.41,4,非流失
1727,3,2851.0,123.96,66,非流失
3710,3,2158.0,126.94,65,准流失
3678,3,3273.0,130.92,2,非流失
3290,3,3838.0,147.62,73,非流失
1611,3,4203.0,182.74,29,非流失
1603,3,2276.0,133.88,114,准流失
3642,3,3062.0,145.81,44,非流失
1591,3,3101.0,172.28,92,准流失
3630,3,3368.0,160.38,80,非流失
1579,3,2427.0,151.69,67,准流失
2213,3,2252.0,150.13,84,准流失
2101,3,2262.0,161.57,108,已流失
1803,3,2286.0,142.88,30,非流失
1823,3,4208.0,168.32,51,非流失
1843,3,2525.0,148.53,18,非流失
2031,3,2328.0,155.20,2,非流失
2023,3,2690.0,168.12,7,非流失
2011,3,3283.0,164.15,56,非流失
2003,3,4515.0,180.60,66,非流失
2065,3,2837.0,149.32,23,非流失
1979,3,3455.0,181.84,43,非流失
1963,3,2113.0,150.93,40,准流失
1951,3,3058.0,145.62,50,非流失
1947,3,3394.0,188.56,83,非流失
1939,3,2586.0,152.12,18,非流失
1911,3,1941.0,138.64,31,准流失
1895,3,2254.0,150.27,31,准流失
2081,3,2743.0,152.39,11,非流失
2085,3,2747.0,161.59,45,非流失
2089,3,2848.0,167.53,13,非流失
3622,3,1558.0,129.83,18,准流失
1571,3,1430.0,130.00,1,准流失
3618,3,3018.0,131.22,68,非流失
3442,3,1904.0,158.67,7,准流失
1383,3,2764.0,131.62,64,非流失
3418,3,3381.0,161.00,127,准流失
3398,3,1485.0,123.75,7,非流失
2365,3,2338.0,146.12,71,已流失
1335,3,2171.0,144.73,36,准流失
1323,3,3871.0,168.30,50,非流失
3370,3,3448.0,149.91,117,非流失
3354,3,2360.0,147.50,20,非流失
2389,3,3614.0,172.10,0,非流失
2425,3,3080.0,133.91,101,非流失
1263,3,3377.0,177.74,3,非流失
3310,3,2033.0,156.38,28,准流失
3306,3,1608.0,134.00,15,准流失
2445,3,2036.0,156.62,113,准流失
1243,3,1552.0,129.33,62,准流失
1387,3,3392.0,178.53,32,非流失
3450,3,3600.0,163.64,48,非流失
3614,3,3125.0,173.61,35,非流失
1407,3,2790.0,186.00,44,准流失
2245,3,2238.0,117.79,2,非流失
1523,3,2595.0,144.17,175,准流失
2265,3,3113.0,172.94,27,非流失
3562,3,3470.0,150.87,46,非流失
1487,3,4325.0,180.21,47,非流失
3534,3,1793.0,163.00,14,准流失
3530,3,2231.0,148.73,109,准流失
1479,3,3852.0,160.50,58,非流失
2305,3,2685.0,141.32,74,非流失
1459,3,2619.0,145.50,5,非流失
3498,3,3977.0,137.14,5,非流失
2309,3,2667.0,140.37,94,非流失
1435,3,3045.0,160.26,20,非流失
1423,3,2057.0,171.42,44,准流失
3466,3,2425.0,151.56,33,非流失
2158,3,1801.0,128.64,75,准流失
1234,3,2822.0,156.78,63,非流失
2034,3,3209.0,160.45,2,非流失
2058,3,2330.0,137.06,120,准流失
1758,3,2713.0,150.72,106,准流失
3811,3,1714.0,131.85,47,非流失
1766,3,3569.0,155.17,11,非流失
1774,3,3234.0,161.70,47,非流失
2042,3,3325.0,158.33,43,非流失
2869,3,2696.0,134.80,42,非流失
2897,3,2952.0,155.37,47,非流失
3839,3,2437.0,162.47,105,非流失
1998,3,2868.0,150.95,2,非流失
1990,3,2919.0,139.00,100,非流失
1802,3,3048.0,138.55,169,准流失
1838,3,3420.0,171.00,40,非流失
2909,3,2607.0,162.94,38,非流失
1938,3,1190.0,132.22,85,准流失
1926,3,2313.0,165.21,3,非流失
1918,3,1674.0,152.18,12,准流失
1910,3,980.0,122.50,107,准流失
2054,3,2483.0,118.24,94,准流失
1914,3,3879.0,161.62,84,非流失
1955,2,1633.0,148.45,37,准流失
3328,2,2241.0,124.50,8,准流失
1395,2,2149.0,179.08,39,准流失
3352,2,2690.0,168.12,-1,非流失
1806,2,1116.0,111.60,169,准流失
3348,2,2927.0,172.18,108,准流失
3344,2,2425.0,142.65,125,准流失
1403,2,1941.0,149.31,121,准流失
3454,2,871.0,174.20,131,已流失
1636,2,747.0,186.75,23,准流失
2016,2,2233.0,124.06,146,准流失
3462,2,2340.0,156.00,119,已流失
1277,2,2299.0,176.85,103,准流失
3843,2,1215.0,151.88,196,已流失
3324,2,1950.0,162.50,107,准流失
1415,2,2212.0,130.12,105,准流失
1269,2,2535.0,169.00,15,非流失
1566,2,1626.0,125.08,14,准流失
1265,2,2603.0,185.93,106,准流失
3685,2,1961.0,150.85,21,准流失
1261,2,2479.0,165.27,17,准流失
3474,2,1111.0,123.44,128,准流失
2329,2,667.0,133.40,42,准流失
3296,2,1670.0,128.46,51,准流失
2957,2,1828.0,140.62,49,准流失
1624,2,1893.0,135.21,18,准流失
1317,2,1402.0,155.78,74,已流失
3438,2,1611.0,179.00,50,准流失
3641,2,2332.0,166.57,48,准流失
1389,2,1125.0,187.50,89,已流失
3436,2,1790.0,149.17,37,准流失
3645,2,1466.0,146.60,181,已流失
3414,2,1504.0,125.33,45,准流失
1381,2,2136.0,164.31,16,准流失
1377,2,966.0,120.75,23,准流失
3424,2,2891.0,152.16,86,准流失
3649,2,2039.0,169.92,123,已流失
1369,2,2781.0,185.40,119,非流失
3416,2,2541.0,169.40,176,非流失
3653,2,1856.0,154.67,42,准流失
1367,2,1771.0,177.10,59,准流失
3422,2,2240.0,140.00,115,已流失
1612,2,2227.0,159.07,9,准流失
1814,2,3191.0,212.73,129,准流失
2349,2,636.0,159.00,27,准流失
1333,2,2480.0,190.77,50,准流失
1329,2,1905.0,136.07,9,准流失
3669,2,2721.0,170.06,50,准流失
3603,2,1213.0,173.29,129,已流失
3292,2,697.0,99.57,64,准流失
1439,2,3007.0,167.06,189,非流失
3721,2,2513.0,139.61,134,非流失
1499,2,2601.0,153.00,9,非流失
1660,2,2798.0,155.44,35,非流失
3631,2,1203.0,133.67,50,准流失
1483,2,2461.0,164.07,28,准流失
1161,2,1479.0,134.45,6,准流失
3635,2,1260.0,114.55,137,准流失
1491,2,2413.0,150.81,152,准流失
3204,2,2161.0,144.07,119,已流失
1153,2,2500.0,178.57,11,准流失
1983,2,2321.0,165.79,48,准流失
1495,2,1331.0,147.89,52,准流失
3713,2,897.0,149.50,30,准流失
1644,2,994.0,142.00,5,准流失
1786,2,2277.0,142.31,103,准流失
1515,2,2730.0,151.67,110,准流失
3827,2,1744.0,193.78,151,已流失
1133,2,1423.0,142.30,47,准流失
3180,2,2648.0,155.76,27,非流失
3176,2,2096.0,139.73,71,准流失
2257,2,2053.0,114.06,50,准流失
1121,2,2399.0,133.28,158,准流失
1778,2,1641.0,136.75,12,准流失
1113,2,2122.0,163.23,58,准流失
1790,2,1993.0,117.24,34,准流失
3224,2,1011.0,168.50,141,已流失
3705,2,838.0,119.71,35,准流失
1181,2,2617.0,186.93,64,准流失
1233,2,2696.0,179.73,5,非流失
2028,2,876.0,109.50,46,准流失
3280,2,1395.0,139.50,75,已流失
3276,2,1891.0,135.07,71,准流失
1221,2,805.0,115.00,32,准流失
3693,2,1355.0,123.18,107,准流失
1217,2,2597.0,162.31,87,准流失
2313,2,2316.0,165.43,100,已流失
1213,2,1518.0,126.50,33,准流失
3494,2,2810.0,165.29,39,非流失
1205,2,1317.0,119.73,18,准流失
1652,2,978.0,163.00,37,准流失
2961,2,2845.0,167.35,53,非流失
3502,2,1282.0,183.14,60,准流失
3623,2,1222.0,174.57,2,准流失
1710,2,677.0,96.71,28,准流失
1463,2,1609.0,134.08,146,准流失
3514,2,1597.0,177.44,18,准流失
3236,2,1215.0,173.57,19,准流失
1185,2,1804.0,138.77,126,已流失
2036,2,2342.0,146.38,85,准流失
3444,2,663.0,165.75,101,已流失
3448,2,1041.0,208.20,46,准流失
1405,2,1410.0,128.18,136,准流失
2945,2,2006.0,154.31,51,准流失
2941,2,2703.0,159.00,9,非流失
2453,2,1988.0,152.92,7,准流失
3567,2,1480.0,164.44,34,准流失
1645,2,615.0,102.50,14,准流失
3571,2,1573.0,143.00,154,准流失
1500,2,1783.0,162.09,155,准流失
2437,2,990.0,165.00,34,准流失
1625,2,1957.0,163.08,109,已流失
3672,2,1415.0,176.88,82,准流失
1251,2,1929.0,137.79,114,准流失
1530,2,1831.0,152.58,12,准流失
1584,2,2507.0,139.28,6,非流失
2138,2,2163.0,127.24,55,准流失
3652,2,1454.0,103.86,75,准流失
3561,2,2064.0,187.64,194,已流失
3579,2,985.0,164.17,142,已流失
3644,2,890.0,111.25,128,准流失
1593,2,2353.0,147.06,84,准流失
1850,2,1576.0,143.27,40,准流失
2421,2,2210.0,138.12,75,准流失
2417,2,450.0,112.50,9,准流失
1581,2,1214.0,110.36,94,准流失
3537,2,1378.0,137.80,63,准流失
1874,2,2003.0,154.08,160,准流失
3716,2,1042.0,130.25,72,准流失
1484,2,2503.0,178.79,24,准流失
1936,2,1512.0,116.31,87,准流失
1906,2,913.0,114.12,161,准流失
3517,2,2004.0,167.00,53,准流失
1928,2,1714.0,155.82,143,已流失
1725,2,2625.0,154.41,69,非流失
3262,2,1843.0,204.78,124,准流失
3764,2,2452.0,144.24,115,准流失
2925,2,1561.0,173.44,13,准流失
3739,2,2885.0,180.31,85,准流失
2929,2,3161.0,175.61,152,准流失
2007,2,1938.0,161.50,89,准流失
1219,2,1558.0,141.64,64,准流失
2933,2,2134.0,177.83,152,准流失
2937,2,2845.0,177.81,49,准流失
3744,2,2083.0,189.36,70,准流失
1693,2,2276.0,142.25,128,准流失
3740,2,2536.0,140.89,61,非流失
3278,2,1142.0,163.14,78,准流失
1681,2,1599.0,123.00,33,非流失
3724,2,1510.0,188.75,115,准流失
1231,2,1174.0,195.67,94,准流失
2413,2,1507.0,167.44,92,已流失
3326,2,1804.0,150.33,37,准流失
3620,2,2624.0,145.78,70,准流失
3597,2,787.0,157.40,16,准流失
3382,2,1622.0,124.77,149,准流失
1556,2,2518.0,148.12,26,非流失
1473,2,1414.0,157.11,71,准流失
1546,2,1758.0,135.23,13,准流失
3390,2,1725.0,143.75,63,准流失
1826,2,1208.0,134.22,9,准流失
3069,2,1340.0,134.00,8,准流失
1351,2,735.0,183.75,84,已流失
1453,2,1334.0,102.62,57,准流失
3500,2,1525.0,169.44,10,准流失
1572,2,3269.0,181.61,64,非流失
1576,2,2569.0,183.50,39,非流失
3625,2,1165.0,129.44,10,准流失
3484,2,1770.0,147.50,4,准流失
1355,2,1423.0,94.87,12,准流失
3406,2,2104.0,140.27,47,准流失
3476,2,2308.0,135.76,47,准流失
1425,2,1516.0,151.60,85,准流失
1580,2,1649.0,164.90,94,准流失
1421,2,1514.0,151.40,44,准流失
1417,2,2468.0,154.25,142,已流失
2949,2,2626.0,138.21,31,非流失
1489,2,2265.0,141.56,-1,准流失
1279,2,1269.0,105.75,188,准流失
1834,2,1747.0,174.70,63,准流失
1553,2,2833.0,166.65,195,准流失
3577,2,2185.0,182.08,40,准流失
3596,2,3111.0,163.74,22,非流失
1287,2,2018.0,168.17,122,准流失
1541,2,2285.0,134.41,84,准流失
3342,2,1250.0,156.25,12,准流失
1533,2,1148.0,143.50,78,准流失
1532,2,1601.0,177.89,72,准流失
1525,2,2671.0,190.79,23,准流失
3735,2,938.0,104.22,40,准流失
3572,2,1517.0,168.56,47,准流失
2385,2,1145.0,163.57,165,已流失
1912,2,1095.0,136.88,110,准流失
1311,2,1514.0,168.22,106,准流失
3560,2,1374.0,137.40,172,已流失
1509,2,1547.0,171.89,78,准流失
3552,2,1681.0,105.06,108,准流失
3589,2,1470.0,133.64,135,准流失
3366,2,1710.0,155.45,57,准流失
3544,2,1972.0,164.33,46,准流失
1319,2,3000.0,176.47,130,准流失
3574,2,1492.0,149.20,78,准流失
1105,2,1199.0,109.00,125,准流失
1884,2,1937.0,129.13,202,准流失
3842,2,1762.0,195.78,141,已流失
3830,2,1630.0,125.38,64,准流失
1783,2,1613.0,107.53,79,非流失
2480,2,2407.0,160.47,32,准流失
1791,2,1720.0,191.11,116,准流失
2472,2,3183.0,187.24,52,非流失
2468,2,2197.0,146.47,66,准流失
2464,2,964.0,137.71,26,准流失
2460,2,1582.0,113.00,98,准流失
2456,2,1272.0,127.20,48,准流失
2452,2,1929.0,148.38,88,准流失
2097,2,2700.0,135.00,16,非流失
1819,2,2513.0,167.53,167,准流失
2440,2,1862.0,133.00,61,准流失
2424,2,1139.0,142.38,28,准流失
3833,2,1292.0,184.57,70,准流失
1788,2,1915.0,147.31,49,准流失
1654,2,1894.0,157.83,145,准流失
2400,2,1490.0,135.45,67,准流失
2392,2,2204.0,183.67,0,准流失
1792,2,2990.0,199.33,49,非流失
1811,2,1542.0,171.33,14,准流失
1815,2,2928.0,183.00,58,准流失
2492,2,628.0,125.60,8,准流失
3783,2,1679.0,152.64,9,准流失
2985,2,2722.0,160.12,49,非流失
2508,2,2683.0,157.82,32,非流失
2608,2,2765.0,162.65,189,已流失
1747,2,1691.0,187.89,40,准流失
3798,2,1543.0,154.30,90,准流失
1751,2,1833.0,152.75,111,已流失
3802,2,1612.0,134.33,81,准流失
2109,2,1978.0,197.80,10,准流失
2576,2,1287.0,143.00,7,准流失
2572,2,1703.0,141.92,125,准流失
1759,2,788.0,112.57,36,准流失
2993,2,1612.0,179.11,36,准流失
1768,2,1139.0,142.38,127,准流失
3810,2,1357.0,123.36,86,准流失
2552,2,705.0,117.50,43,准流失
1959,2,1578.0,143.45,7,准流失
2548,2,2250.0,160.71,14,准流失
2540,2,1864.0,155.33,164,准流失
1763,2,2116.0,151.14,159,已流失
2977,2,1337.0,148.56,189,已流失
3818,2,1830.0,183.00,35,准流失
3822,2,1565.0,111.79,25,准流失
1776,2,709.0,101.29,47,准流失
1796,2,896.0,149.33,52,准流失
3779,2,778.0,86.44,87,准流失
2241,2,1815.0,165.00,-1,准流失
1915,2,1837.0,204.11,136,已流失
1726,2,3181.0,159.05,157,非流失
2224,2,1055.0,131.88,92,准流失
1899,2,1195.0,119.50,17,准流失
2212,2,2309.0,135.82,161,准流失
1907,2,2873.0,159.61,71,准流失
2200,2,2197.0,169.00,113,已流失
2192,2,2365.0,147.81,44,准流失
2188,2,2305.0,144.06,206,准流失
2184,2,1602.0,123.23,22,准流失
2180,2,2387.0,149.19,27,非流失
1923,2,2364.0,147.75,15,非流失
1827,2,2311.0,144.44,14,准流失
1927,2,1003.0,143.29,66,已流失
2069,2,1212.0,110.18,14,准流失
1935,2,1668.0,185.33,22,准流失
1864,2,1780.0,161.82,55,已流失
3763,2,1583.0,158.30,112,准流失
2148,2,1602.0,123.23,62,准流失
1943,2,2814.0,165.53,38,非流失
2128,2,2025.0,168.75,0,准流失
3029,2,1339.0,191.29,81,准流失
2116,2,2896.0,160.89,34,非流失
2232,2,1817.0,139.77,27,准流失
2236,2,1892.0,135.14,41,准流失
1891,2,2159.0,166.08,94,准流失
2244,2,2153.0,119.61,128,准流失
2356,2,1406.0,140.60,76,准流失
2352,2,1916.0,159.67,113,准流失
2348,2,2148.0,179.00,86,准流失
2344,2,1742.0,145.17,27,准流失
3707,2,809.0,115.57,3,准流失
2336,2,1931.0,214.56,14,准流失
1847,2,1996.0,166.33,20,准流失
3845,2,897.0,112.12,170,已流失
1851,2,2107.0,191.55,33,准流失
1812,2,955.0,159.17,66,准流失
1816,2,1627.0,180.78,117,准流失
1855,2,2152.0,153.71,17,准流失
2296,2,2269.0,133.47,183,准流失
2292,2,1668.0,128.31,136,准流失
1662,2,1635.0,181.67,185,已流失
1824,2,1351.0,168.88,44,准流失
2280,2,1491.0,114.69,70,准流失
1730,2,2574.0,151.41,141,准流失
1666,2,689.0,172.25,71,已流失
2264,2,1487.0,114.38,112,准流失
1832,2,2398.0,184.46,36,准流失
2113,2,999.0,124.88,166,已流失
2616,2,1057.0,117.44,7,准流失
2117,2,1129.0,141.12,177,已流失
3749,2,794.0,132.33,149,已流失
3651,2,1541.0,140.09,83,准流失
3044,2,1302.0,118.36,8,准流失
3745,2,1186.0,148.25,105,已流失
989,2,1785.0,127.50,9,准流失
1971,2,2182.0,136.38,21,非流失
1700,2,1335.0,148.33,103,已流失
1614,2,1692.0,169.20,184,已流失
3020,2,2543.0,195.62,62,准流失
3626,2,1749.0,174.90,163,已流失
1770,2,1680.0,120.00,21,准流失
3000,2,884.0,147.33,151,已流失
2628,2,2812.0,165.41,140,准流失
1618,2,1747.0,124.79,63,准流失
1583,2,2346.0,156.40,1,非流失
3638,2,1408.0,176.00,83,准流失
2976,2,2826.0,166.24,99,准流失
2972,2,2589.0,152.29,111,准流失
2968,2,2081.0,138.73,33,准流失
2960,2,1938.0,149.08,60,准流失
1708,2,2107.0,162.08,60,非流失
1000,2,1985.0,152.69,139,准流失
2205,2,1668.0,185.33,148,已流失
1005,2,1713.0,122.36,119,准流失
1009,2,1346.0,103.54,15,准流失
3064,2,1568.0,174.22,69,准流失
3049,2,2171.0,167.00,165,已流失
3148,2,2393.0,149.56,143,已流失
1539,2,1555.0,129.58,151,准流失
2233,2,1197.0,199.50,79,已流失
1085,2,1984.0,180.36,94,准流失
3128,2,766.0,127.67,1,准流失
1077,2,2384.0,149.00,73,准流失
3120,2,749.0,149.80,5,准流失
3598,2,1716.0,143.00,47,准流失
3784,2,2003.0,182.09,5,非流失
1551,2,1276.0,127.60,43,准流失
3108,2,1598.0,145.27,110,准流失
3100,2,1369.0,136.90,100,已流失
1555,2,1881.0,134.36,82,准流失
3731,2,2660.0,156.47,155,准流失
3737,2,1386.0,173.25,6,准流失
1033,2,2456.0,163.73,47,非流失
1559,2,1695.0,188.33,43,准流失
2048,2,2398.0,184.46,38,准流失
1029,2,1655.0,137.92,38,准流失
2217,2,2306.0,177.38,124,准流失
3647,2,2182.0,167.85,76,已流失
3757,2,478.0,119.50,134,已流失
3671,2,1652.0,150.18,69,准流失
2197,2,2541.0,195.46,171,准流失
3722,2,1428.0,178.50,135,已流失
3730,2,1301.0,130.10,45,准流失
2772,2,1358.0,97.00,70,准流失
3781,2,2869.0,151.00,22,非流失
2764,2,852.0,106.50,164,准流失
2756,2,1727.0,132.85,107,准流失
1683,2,2096.0,139.73,91,已流失
2740,2,1624.0,180.44,28,准流失
2736,2,2038.0,156.77,91,准流失
3734,2,1286.0,128.60,105,准流失
2728,2,2025.0,168.75,104,准流失
3793,2,1401.0,127.36,7,非流失
2704,2,1224.0,174.86,7,准流失
2692,2,1953.0,162.75,156,已流失
3750,2,3432.0,171.60,21,非流失
3766,2,2807.0,175.44,22,非流失
1723,2,1985.0,132.33,40,准流失
3778,2,824.0,137.33,52,准流失
2076,2,1385.0,115.42,89,准流失
1746,2,2849.0,167.59,137,准流失
2644,2,2173.0,181.08,1,准流失
3791,2,1189.0,169.86,4,非流失
1679,2,1339.0,167.38,92,准流失
1671,2,923.0,131.86,11,准流失
2928,2,1143.0,103.91,125,准流失
3714,2,1421.0,118.42,127,准流失
2924,2,801.0,80.10,157,准流失
1712,2,1497.0,166.33,140,准流失
2189,2,839.0,119.86,80,准流失
1900,2,2500.0,147.06,53,准流失
3662,2,1130.0,102.73,123,非流失
1619,2,1686.0,140.50,133,准流失
1720,2,2149.0,179.08,36,准流失
2064,2,1392.0,154.67,39,准流失
2880,2,2035.0,135.67,37,准流失
2872,2,2106.0,191.45,72,准流失
2868,2,2589.0,199.15,36,非流失
2864,2,2019.0,144.21,53,准流失
2860,2,1059.0,151.29,165,已流失
2169,2,1187.0,131.89,99,准流失
2165,2,2014.0,134.27,10,非流失
1643,2,1910.0,127.33,9,非流失
1651,2,2191.0,146.07,89,已流失
3702,2,1366.0,136.60,24,准流失
2816,2,2761.0,138.05,64,非流失
3807,2,1913.0,136.64,143,准流失
2804,2,2134.0,152.43,155,准流失
1334,2,1879.0,125.27,45,准流失
1605,2,1226.0,122.60,172,准流失
3547,2,1061.0,176.83,118,已流失
2863,2,1301.0,144.56,105,已流失
2951,2,1968.0,151.38,56,已流失
3443,2,1860.0,143.08,136,已流失
2654,2,1580.0,158.00,126,准流失
2923,2,2250.0,150.00,49,准流失
2911,2,2787.0,163.94,114,准流失
3293,2,1054.0,210.80,25,准流失
2887,2,2164.0,144.27,116,准流失
2674,2,2037.0,156.69,115,已流失
2875,2,1279.0,116.27,7,准流失
2682,2,2286.0,152.40,33,准流失
2693,2,1871.0,155.92,128,准流失
2865,2,665.0,95.00,169,准流失
2855,2,2320.0,136.47,53,准流失
2851,2,931.0,186.20,185,已流失
2843,2,2156.0,154.00,31,准流失
1088,2,1946.0,129.73,183,准流失
2819,2,976.0,122.00,0,准流失
1406,2,2335.0,194.58,16,准流失
2718,2,1705.0,142.08,47,准流失
2738,2,1204.0,133.78,0,准流失
2762,2,2029.0,135.27,47,准流失
2766,2,1321.0,188.71,38,准流失
2642,2,2582.0,151.88,27,非流失
2622,2,1450.0,145.00,20,准流失
3369,2,2192.0,137.00,2,准流失
2606,2,891.0,178.20,26,准流失
1014,2,1040.0,86.67,130,准流失
2590,2,3062.0,170.11,57,非流失
3055,2,1411.0,117.58,87,准流失
2594,2,1795.0,163.18,49,准流失
2598,2,1485.0,212.14,53,准流失
3261,2,1312.0,131.20,84,准流失
994,2,1816.0,181.60,45,准流失
1216,2,1862.0,143.23,3,准流失
990,2,943.0,94.30,97,准流失
1220,2,1614.0,161.40,35,准流失
2610,2,970.0,121.25,21,准流失
2975,2,922.0,184.40,146,已流失
3027,2,2495.0,178.21,124,准流失
3023,2,908.0,151.33,74,准流失
3011,2,1862.0,186.20,15,准流失
3003,2,1547.0,140.64,7,准流失
2999,2,1925.0,120.31,85,准流失
2995,2,1779.0,148.25,40,准流失
1224,2,2126.0,141.73,177,准流失
1092,2,1569.0,120.69,64,准流失
2983,2,1838.0,114.88,128,准流失
2979,2,2088.0,149.14,126,已流失
2779,2,1805.0,164.09,51,准流失
2641,2,1396.0,139.60,7,准流失
2759,2,1591.0,159.10,99,已流失
2519,2,2777.0,154.28,73,非流失
2599,2,1018.0,169.67,107,已流失
2595,2,1113.0,139.12,117,已流失
2583,2,2437.0,152.31,160,准流失
2898,2,777.0,97.12,94,准流失
2910,2,2029.0,119.35,51,准流失
2589,2,2442.0,174.43,112,准流失
2934,2,1987.0,165.58,78,已流失
1300,2,1570.0,130.83,66,准流失
2938,2,1107.0,184.50,153,已流失
2942,2,1132.0,141.50,27,准流失
2515,2,1636.0,163.60,126,准流失
2755,2,1594.0,144.91,46,准流失
2954,2,2172.0,127.76,64,准流失
2503,2,1353.0,135.30,84,准流失
2958,2,1946.0,129.73,26,准流失
2966,2,2289.0,163.50,-1,准流失
1308,2,1928.0,160.67,6,准流失
2479,2,1893.0,126.20,11,非流失
2471,2,2097.0,161.31,100,准流失
3365,2,2861.0,190.73,-1,非流失
2978,2,2307.0,153.80,41,准流失
2569,2,1630.0,148.18,20,准流失
2010,2,1690.0,130.00,98,准流失
1434,2,564.0,112.80,88,准流失
2870,2,2436.0,135.33,57,准流失
2615,2,1911.0,147.00,67,准流失
2751,2,930.0,155.00,49,准流失
1410,2,2279.0,151.93,39,准流失
2790,2,3132.0,184.24,102,非流失
2798,2,1873.0,156.08,102,已流失
2806,2,3179.0,176.61,56,非流失
2719,2,2330.0,166.43,65,准流失
3325,2,2198.0,129.29,46,准流失
2818,2,2184.0,145.60,25,准流失
2703,2,1022.0,170.33,137,已流失
1280,2,1039.0,115.44,128,准流失
2846,2,758.0,108.29,14,准流失
2850,2,2202.0,129.53,60,准流失
3250,2,1364.0,194.86,5,非流失
1076,2,1098.0,109.80,172,准流失
2621,2,2169.0,135.56,119,准流失
2651,2,1989.0,132.60,21,准流失
1430,2,1835.0,131.07,73,已流失
2639,2,1286.0,142.89,70,已流失
3337,2,946.0,189.20,23,准流失
2627,2,2029.0,156.08,21,准流失
2623,2,2235.0,171.92,85,准流失
2570,2,2522.0,140.11,106,准流失
2566,2,1531.0,139.18,123,准流失
1022,2,1927.0,148.23,141,已流失
1350,2,1305.0,163.12,166,已流失
2226,2,1947.0,162.25,206,已流失
2230,2,2812.0,187.47,98,非流失
2234,2,2201.0,115.84,164,准流失
3391,2,1180.0,196.67,6,准流失
3303,2,1933.0,138.07,156,准流失
3177,2,1920.0,160.00,39,准流失
1132,2,587.0,146.75,7,准流失
3291,2,2699.0,142.05,103,准流失
3181,2,2714.0,180.93,10,非流失
2114,2,1857.0,168.82,76,准流失
3279,2,1470.0,122.50,34,准流失
3205,2,2940.0,163.33,39,非流失
1230,2,1196.0,170.86,37,准流失
1226,2,1882.0,144.77,58,准流失
3271,2,923.0,153.83,139,已流失
1140,2,2970.0,174.71,118,准流失
3189,2,1369.0,136.90,18,准流失
3263,2,1884.0,134.57,82,准流失
3403,2,1316.0,146.22,17,准流失
2098,2,2357.0,168.36,26,准流失
2094,2,1318.0,131.80,12,准流失
2318,2,2951.0,163.94,-1,非流失
1270,2,1997.0,133.13,93,准流失
2122,2,2123.0,124.88,48,准流失
1274,2,1779.0,136.85,136,准流失
2206,2,2369.0,182.23,56,准流失
2849,2,1945.0,114.41,206,准流失
2146,2,1093.0,182.17,150,已流失
1326,2,1270.0,105.83,68,准流失
3371,2,2316.0,136.24,54,准流失
2130,2,2142.0,178.50,115,准流失
3367,2,1909.0,136.36,14,准流失
3363,2,1783.0,148.58,53,准流失
3359,2,1436.0,143.60,99,准流失
1310,2,1424.0,118.67,68,准流失
3161,2,883.0,126.14,91,准流失
1306,2,2215.0,201.36,105,准流失
2178,2,1423.0,142.30,50,准流失
1294,2,1563.0,173.67,70,准流失
3169,2,843.0,105.38,70,准流失
2182,2,1545.0,118.85,54,准流失
2190,2,3204.0,168.63,135,准流失
1286,2,1659.0,127.62,20,准流失
2194,2,822.0,164.40,105,已流失
2198,2,2016.0,155.08,55,准流失
3327,2,969.0,121.12,45,准流失
2126,2,1062.0,132.75,108,准流失
2326,2,1535.0,170.56,16,准流失
1198,2,2895.0,152.37,2,非流失
2554,2,1320.0,120.00,21,准流失
3245,2,1993.0,124.56,160,准流失
1184,2,1381.0,125.55,-14,准流失
2062,2,1542.0,128.50,180,准流失
1102,2,1267.0,158.38,149,已流失
2470,2,2193.0,146.20,126,已流失
1192,2,1498.0,166.44,109,准流失
2474,2,1684.0,168.40,143,准流失
2482,2,1480.0,134.55,22,准流失
2490,2,2671.0,157.12,103,准流失
3131,2,2173.0,155.21,78,准流失
2510,2,2350.0,180.77,57,准流失
1070,2,1743.0,134.08,89,准流失
3243,2,1264.0,126.40,146,准流失
1386,2,1243.0,138.11,99,准流失
2050,2,1971.0,164.25,71,准流失
2526,2,1824.0,165.82,168,准流失
2530,2,1618.0,147.09,48,准流失
2737,2,2519.0,179.93,78,非流失
1390,2,2325.0,193.75,67,准流失
3087,2,2639.0,155.24,41,非流失
1204,2,2213.0,147.53,64,准流失
2550,2,1007.0,143.86,25,准流失
3253,2,1444.0,160.44,48,准流失
3167,2,2266.0,125.89,12,准流失
2446,2,1526.0,127.17,166,准流失
1126,2,987.0,98.70,47,准流失
2442,2,1145.0,190.83,18,准流失
1194,2,829.0,165.80,133,已流失
2334,2,2079.0,173.25,147,准流失
2338,2,865.0,108.12,62,准流失
2342,2,1266.0,105.50,18,准流失
2346,2,2287.0,142.94,48,准流失
3223,2,1904.0,190.40,113,准流失
2082,2,1408.0,201.14,116,已流失
1164,2,1756.0,117.07,7,非流失
2781,2,2868.0,159.33,60,非流失
3217,2,1428.0,178.50,128,已流失
2773,2,1305.0,163.12,48,准流失
1158,2,2350.0,138.24,69,准流失
2378,2,1791.0,137.77,71,准流失
2078,2,2493.0,124.65,51,非流失
1150,2,1590.0,144.55,26,准流失
2066,2,1604.0,123.38,63,准流失
2410,2,2864.0,190.93,16,非流失
3423,2,1960.0,163.33,7,准流失
3187,2,2062.0,147.29,50,准流失
3149,2,1880.0,188.00,17,准流失
1130,2,1938.0,149.08,68,准流失
2447,2,2394.0,159.60,43,准流失
1702,2,1851.0,168.27,62,准流失
1324,2,2201.0,129.47,105,准流失
2041,2,1179.0,131.00,84,准流失
2187,2,1828.0,121.87,25,准流失
3194,2,1603.0,145.73,115,已流失
2431,2,1693.0,130.23,57,准流失
1929,2,2341.0,212.82,10,准流失
2195,2,1882.0,134.43,92,准流失
1845,2,1924.0,128.27,45,准流失
1950,2,2154.0,153.86,124,已流失
1933,2,2406.0,150.38,45,准流失
2905,2,1892.0,189.20,96,准流失
2059,2,1542.0,154.20,87,准流失
2211,2,1277.0,106.42,73,准流失
1462,2,2122.0,151.57,104,准流失
3523,2,1184.0,131.56,45,准流失
1424,2,1944.0,194.40,84,准流失
3058,2,1586.0,122.00,137,准流失
2549,2,1988.0,198.80,82,准流失
3485,2,1260.0,180.00,44,准流失
2235,2,2014.0,154.92,92,已流失
1155,2,2412.0,150.75,41,准流失
3469,2,1220.0,110.91,115,准流失
2239,2,1918.0,174.36,43,准流失
3110,2,1415.0,157.22,77,准流失
999,2,1958.0,150.62,149,已流失
1454,2,2504.0,166.93,78,准流失
1072,2,2221.0,158.64,100,已流失
1825,2,1173.0,146.62,101,准流失
3210,2,1449.0,144.90,163,准流失
2103,2,1577.0,121.31,101,准流失
1450,2,2024.0,126.50,118,准流失
1857,2,1416.0,128.73,183,准流失
3413,2,1234.0,154.25,11,准流失
1135,2,1182.0,147.75,20,准流失
3421,2,1226.0,136.22,149,准流失
1380,2,2136.0,164.31,201,已流失
1027,2,1181.0,168.71,40,准流失
1901,2,1665.0,151.36,27,准流失
3074,2,1833.0,130.93,1,准流失
3078,2,2211.0,138.19,56,准流失
1954,2,1284.0,160.50,65,准流失
2135,2,1829.0,182.90,92,准流失
2091,2,1439.0,159.89,68,准流失
1893,2,1328.0,120.73,138,准流失
3082,2,1726.0,115.07,89,准流失
1881,2,1675.0,119.64,176,准流失
2079,2,2098.0,139.87,37,准流失
2513,2,1241.0,177.29,15,准流失
2509,2,2319.0,165.64,138,已流失
1368,2,2635.0,138.68,3,非流失
1925,2,1498.0,124.83,31,准流失
3086,2,1905.0,127.00,117,准流失
1865,2,1690.0,112.67,50,准流失
2071,2,1923.0,160.25,10,准流失
1023,2,2392.0,132.89,48,非流失
3094,2,2996.0,176.24,25,非流失
1458,2,910.0,151.67,31,准流失
3066,2,3105.0,172.50,12,非流失
1970,2,1684.0,153.09,49,准流失
2545,2,1836.0,131.14,77,准流失
2167,2,2490.0,155.62,52,准流失
3062,2,2188.0,182.33,11,准流失
2175,2,1863.0,155.25,25,准流失
2533,2,2183.0,155.93,3,准流失
1356,2,2186.0,156.14,5,准流失
2013,2,1884.0,188.40,73,准流失
3105,2,1146.0,127.33,40,准流失
1446,2,1397.0,174.62,131,已流失
1922,2,1486.0,148.60,119,准流失
1340,2,1979.0,152.23,7,准流失
3242,2,1406.0,156.22,8,准流失
3373,2,1228.0,136.44,4,准流失
1087,2,1654.0,150.36,95,准流失
2489,2,1489.0,99.27,43,准流失
3006,2,1069.0,178.17,126,已流失
2485,2,913.0,182.60,40,准流失
3226,2,2109.0,162.23,101,准流失
2359,2,2301.0,153.40,21,准流失
1179,2,2560.0,160.00,40,非流失
1332,2,1764.0,135.69,7,准流失
2339,2,1565.0,120.38,87,准流失
1183,2,2109.0,162.23,138,准流失
2005,2,2477.0,154.81,61,已流失
3445,2,1524.0,152.40,63,准流失
1761,2,2248.0,172.92,37,准流失
2367,2,852.0,142.00,13,准流失
1997,2,1453.0,132.09,95,准流失
3018,2,1675.0,139.58,26,准流失
1757,2,2028.0,169.00,149,已流失
1412,2,1340.0,121.82,1,准流失
1071,2,2174.0,144.93,176,准流失
2379,2,752.0,107.43,118,准流失
2391,2,1311.0,145.67,79,准流失
3118,2,2416.0,142.12,54,准流失
2021,2,1117.0,111.70,111,准流失
2033,2,1778.0,148.17,89,已流失
2323,2,2517.0,125.85,139,准流失
3114,2,1250.0,156.25,108,准流失
3218,2,1464.0,133.09,2,准流失
1994,2,2142.0,142.80,172,准流失
3519,2,793.0,132.17,37,准流失
1801,2,1359.0,135.90,12,准流失
2267,2,2360.0,147.50,145,准流失
1961,2,1504.0,125.33,1,准流失
2557,2,1739.0,133.77,15,准流失
983,2,1968.0,140.57,40,准流失
3489,2,1713.0,131.77,51,准流失
3505,2,1759.0,159.91,62,已流失
1171,2,1355.0,150.56,168,已流失
3515,2,2155.0,113.42,132,准流失
3134,2,1895.0,189.50,69,准流失
3030,2,1533.0,127.75,117,准流失
1966,2,1763.0,160.27,56,准流失
3437,2,3055.0,160.79,171,准流失
3836,2,1347.0,122.45,63,准流失
2291,2,730.0,146.00,103,准流失
2299,2,2817.0,165.71,63,非流失
3393,2,2050.0,170.83,170,已流失
3026,2,1947.0,177.00,50,准流失
2311,2,2141.0,142.73,141,已流失
1466,2,903.0,129.00,63,准流失
3022,2,1721.0,114.73,75,准流失
2319,2,1493.0,186.62,17,准流失
2525,1,1517.0,216.71,138,已流失
2777,1,983.0,163.83,186,已流失
1780,1,371.0,185.50,102,已流失
3465,1,521.0,104.20,44,准流失
3221,1,572.0,143.00,113,已流失
1528,1,976.0,139.43,14,准流失
1188,1,1330.0,190.00,178,已流失
2749,1,1585.0,158.50,18,准流失
3081,1,1332.0,190.29,33,准流失
1176,1,435.0,217.50,102,已流失
3837,1,1439.0,159.89,191,已流失
2401,1,1515.0,189.38,190,已流失
3233,1,362.0,90.50,144,准流失
2093,1,420.0,140.00,103,已流失
2397,1,319.0,159.50,131,已流失
1180,1,1415.0,157.22,103,准流失
1428,1,400.0,80.00,57,准流失
3553,1,1051.0,150.14,210,已流失
3573,1,1183.0,118.30,39,准流失
1128,1,337.0,112.33,201,已流失
2913,1,568.0,113.60,6,准流失
1496,1,704.0,140.80,43,准流失
3541,1,402.0,134.00,71,准流失
1492,1,547.0,91.17,193,准流失
1440,1,1565.0,195.62,112,已流失
3533,1,316.0,158.00,114,已流失
1872,1,1412.0,201.71,133,已流失
3493,1,474.0,118.50,104,已流失
3025,1,271.0,135.50,67,已流失
3529,1,911.0,113.88,126,准流失
1448,1,664.0,132.80,71,准流失
2469,1,1440.0,180.00,111,准流失
1892,1,442.0,147.33,46,准流失
3521,1,539.0,89.83,16,准流失
1896,1,1415.0,157.22,10,准流失
1116,1,864.0,172.80,56,准流失
2841,1,1030.0,114.44,97,准流失
2061,1,1447.0,160.78,197,已流失
3153,1,453.0,113.25,190,已流失
1916,1,284.0,142.00,162,已流失
1920,1,1350.0,135.00,201,已流失
1924,1,376.0,125.33,110,准流失
1456,1,661.0,110.17,118,准流失
2997,1,751.0,150.20,23,准流失
3001,1,1259.0,179.86,169,已流失
3013,1,1208.0,151.00,49,准流失
3085,1,407.0,135.67,114,已流失
3477,1,1107.0,123.00,141,准流失
2801,1,1642.0,205.25,76,准流失
2861,1,999.0,124.88,5,准流失
1160,1,1252.0,139.11,201,已流失
1520,1,1010.0,168.33,201,已流失
2521,1,1328.0,132.80,43,准流失
1432,1,665.0,110.83,20,准流失
1516,1,458.0,114.50,151,已流失
1804,1,780.0,156.00,198,已流失
1808,1,519.0,173.00,205,已流失
1068,1,739.0,184.75,128,已流失
1820,1,419.0,139.67,114,已流失
3193,1,779.0,194.75,192,已流失
1512,1,689.0,137.80,84,准流失
3557,1,1005.0,143.57,67,准流失
1828,1,1815.0,181.50,199,已流失
1536,1,518.0,86.33,127,准流失
3185,1,1314.0,131.40,166,已流失
1840,1,413.0,103.25,56,准流失
2077,1,1383.0,138.30,192,已流失
2793,1,488.0,97.60,13,准流失
1504,1,1575.0,196.88,181,已流失
1436,1,594.0,148.50,199,已流失
2857,1,1342.0,149.11,99,准流失
3549,1,1488.0,212.57,2,准流失
2441,1,358.0,119.33,20,准流失
2989,1,728.0,182.00,5,准流失
3237,1,298.0,149.00,84,已流失
1212,1,507.0,84.50,157,已流失
3449,1,744.0,148.80,141,已流失
1540,1,393.0,78.60,177,已流失
1632,1,379.0,189.50,194,已流失
3333,1,1252.0,139.11,188,已流失
1680,1,637.0,127.40,188,已流失
2225,1,1426.0,203.71,203,已流失
2341,1,762.0,152.40,110,已流失
1684,1,1705.0,170.50,122,准流失
3733,1,1245.0,138.33,75,准流失
2877,1,1801.0,180.10,184,已流失
1628,1,1142.0,190.33,147,已流失
2629,1,1644.0,164.40,207,已流失
1080,1,595.0,198.33,143,已流失
1688,1,849.0,212.25,126,已流失
3401,1,1372.0,137.20,107,准流失
2221,1,1748.0,174.80,158,已流失
1692,1,1417.0,177.12,192,已流失
3741,1,590.0,98.33,207,已流失
1084,1,1325.0,165.62,63,准流失
1696,1,1248.0,138.67,195,已流失
1620,1,813.0,116.14,206,准流失
3665,1,418.0,209.00,55,已流失
2649,1,874.0,145.67,185,已流失
1616,1,816.0,136.00,97,准流失
1360,1,1440.0,180.00,77,准流失
2657,1,1464.0,183.00,176,已流失
1264,1,565.0,94.17,206,准流失
3133,1,1112.0,185.33,21,准流失
3061,1,1464.0,162.67,2,准流失
1676,1,1217.0,121.70,155,准流失
1348,1,609.0,203.00,52,已流失
1004,1,362.0,90.50,85,准流失
3053,1,1234.0,154.25,99,准流失
2317,1,318.0,106.00,77,准流失
1320,1,1138.0,126.44,76,准流失
1008,1,1336.0,190.86,20,准流失
1312,1,414.0,207.00,62,已流失
2581,1,465.0,77.50,143,准流失
2565,1,1198.0,133.11,48,准流失
1304,1,271.0,135.50,129,准流失
2301,1,250.0,125.00,107,准流失
2321,1,419.0,209.50,50,已流失
2325,1,291.0,145.50,41,准流失
3709,1,875.0,125.00,166,已流失
3689,1,870.0,217.50,93,已流失
1336,1,1157.0,128.56,171,已流失
2889,1,446.0,148.67,150,已流失
3345,1,573.0,191.00,205,已流失
1012,1,873.0,174.60,35,准流失
1640,1,1407.0,156.33,206,已流失
2597,1,754.0,188.50,145,已流失
2293,1,1074.0,119.33,113,准流失
3385,1,940.0,104.44,41,准流失
2289,1,420.0,210.00,150,已流失
3341,1,432.0,216.00,98,已流失
2285,1,503.0,167.67,168,已流失
2601,1,1651.0,165.10,154,已流失
3389,1,1170.0,195.00,78,准流失
2261,1,598.0,149.50,44,准流失
3409,1,254.0,127.00,15,准流失
2669,1,448.0,224.00,92,已流失
1604,1,485.0,121.25,204,已流失
3257,1,1259.0,157.38,109,准流失
1736,1,769.0,128.17,118,准流失
3785,1,1125.0,125.00,54,非流失
3621,1,816.0,163.20,139,已流失
1744,1,505.0,126.25,135,准流失
2141,1,741.0,185.25,133,已流失
2725,1,1843.0,184.30,73,准流失
1748,1,318.0,106.00,186,准流失
1568,1,293.0,97.67,87,准流失
2129,1,1036.0,129.50,184,已流失
2369,1,644.0,107.33,48,准流失
984,1,1362.0,194.57,167,已流失
3797,1,795.0,159.00,51,准流失
2373,1,1246.0,178.00,50,准流失
3269,1,935.0,103.89,82,准流失
3801,1,457.0,91.40,79,准流失
1756,1,388.0,194.00,32,准流失
2729,1,641.0,213.67,47,准流失
1564,1,663.0,165.75,101,已流失
1760,1,912.0,114.00,145,准流失
3609,1,783.0,156.60,93,已流失
3601,1,1543.0,192.88,88,准流失
3441,1,733.0,183.25,140,已流失
3249,1,334.0,167.00,62,已流失
3813,1,1288.0,143.11,113,准流失
2381,1,498.0,99.60,159,已流失
2745,1,1391.0,139.10,97,准流失
2541,1,991.0,165.17,198,已流失
2721,1,314.0,157.00,167,已流失
2209,1,1064.0,133.00,160,准流失
2709,1,1676.0,167.60,72,准流失
2689,1,374.0,124.67,76,准流失
1364,1,765.0,109.29,158,准流失
1252,1,657.0,219.00,129,已流失
2969,1,424.0,141.33,55,准流失
1600,1,1384.0,173.00,90,准流失
2697,1,435.0,145.00,206,已流失
2701,1,1323.0,147.00,72,准流失
1240,1,863.0,123.29,72,准流失
2185,1,1418.0,177.25,54,准流失
3765,1,1240.0,155.00,22,准流失
3285,1,1078.0,134.75,85,准流失
2353,1,1260.0,126.00,152,准流失
2177,1,1205.0,172.14,206,已流失
3429,1,447.0,223.50,176,已流失
2357,1,1341.0,134.10,58,准流失
1232,1,1033.0,114.78,28,准流失
1376,1,688.0,229.33,33,已流失
3637,1,1015.0,169.17,21,准流失
2717,1,1383.0,138.30,163,已流失
1588,1,1173.0,130.33,17,准流失
2161,1,316.0,105.33,96,准流失
3633,1,1126.0,160.86,197,已流失
1728,1,883.0,147.17,187,已流失
3777,1,1229.0,175.57,109,准流失
3425,1,642.0,160.50,137,已流失
3033,1,455.0,113.75,120,已流失
3729,1,1085.0,135.62,52,准流失
2047,1,596.0,198.67,61,已流失
1952,1,413.0,206.50,91,准流失
1742,1,337.0,168.50,182,已流失
3751,1,1107.0,184.50,102,已流失
1706,1,866.0,216.50,118,已流失
1714,1,1146.0,127.33,-19,准流失
1718,1,693.0,231.00,153,已流失
1738,1,433.0,216.50,19,准流失
3787,1,1054.0,117.11,32,非流失
1762,1,950.0,118.75,176,已流失
1698,1,1503.0,187.88,81,准流失
3815,1,1020.0,170.00,126,已流失
3819,1,529.0,132.25,173,准流失
1794,1,1743.0,174.30,130,已流失
1810,1,337.0,84.25,129,准流失
1822,1,407.0,101.75,33,准流失
1830,1,583.0,194.33,23,已流失
3747,1,569.0,142.25,194,已流失
1690,1,1354.0,150.44,138,准流失
2438,1,1195.0,149.38,92,准流失
1622,1,515.0,85.83,1,准流失
3615,1,1121.0,186.83,159,已流失
3619,1,532.0,106.40,36,准流失
1574,1,1198.0,119.80,24,准流失
1586,1,528.0,105.60,82,准流失
1598,1,924.0,154.00,64,已流失
1602,1,806.0,134.33,128,已流失
1626,1,1834.0,183.40,34,准流失
1686,1,1602.0,160.20,41,准流失
3675,1,438.0,146.00,74,已流失
1630,1,366.0,183.00,59,已流失
3679,1,691.0,172.75,43,准流失
1634,1,423.0,141.00,197,已流失
3723,1,879.0,175.80,91,已流失
1678,1,617.0,205.67,198,已流失
1858,1,227.0,113.50,21,准流失
1862,1,1056.0,150.86,114,已流失
1878,1,470.0,117.50,68,准流失
2282,1,783.0,195.75,128,已流失
2154,1,1399.0,155.44,97,准流失
2170,1,735.0,122.50,70,准流失
2214,1,1366.0,136.60,156,准流失
2242,1,787.0,157.40,69,已流失
2254,1,1779.0,177.90,93,准流失
2262,1,581.0,96.83,70,准流失
2298,1,1082.0,180.33,18,准流失
1890,1,870.0,174.00,112,准流失
2302,1,392.0,98.00,19,准流失
2362,1,1654.0,206.75,112,准流失
2370,1,1098.0,122.00,197,已流失
2374,1,639.0,127.80,157,已流失
2382,1,931.0,186.20,18,准流失
2402,1,1312.0,145.78,131,准流失
2142,1,477.0,159.00,2,准流失
2106,1,649.0,216.33,87,已流失
2102,1,1386.0,173.25,151,已流失
2086,1,1508.0,215.43,31,准流失
2046,1,615.0,205.00,66,准流失
2038,1,1143.0,127.00,129,准流失
2026,1,1456.0,208.00,160,已流失
2018,1,537.0,179.00,164,已流失
2014,1,1735.0,173.50,114,准流失
2002,1,402.0,80.40,170,已流失
1986,1,306.0,102.00,196,已流失
1978,1,1767.0,176.70,81,准流失
1962,1,1170.0,146.25,8,准流失
1946,1,613.0,204.33,189,已流失
1930,1,1247.0,155.88,92,准流失
1902,1,345.0,172.50,7,准流失
1898,1,1069.0,152.71,31,准流失
3599,1,961.0,106.78,201,已流失
1550,1,780.0,156.00,17,准流失
3595,1,858.0,143.00,15,准流失
1218,1,1583.0,197.88,85,准流失
3231,1,1244.0,155.50,72,已流失
3247,1,515.0,171.67,106,已流失
1202,1,1117.0,139.62,49,准流失
3251,1,370.0,123.33,77,准流失
1206,1,441.0,220.50,122,已流失
3259,1,322.0,161.00,111,已流失
3267,1,632.0,210.67,84,已流失
3335,1,880.0,176.00,26,准流失
1222,1,595.0,148.75,-1,准流失
3275,1,700.0,116.67,72,准流失
3287,1,1157.0,165.29,76,准流失
1250,1,872.0,145.33,65,已流失
1254,1,535.0,133.75,89,已流失
1258,1,1185.0,169.29,156,已流失
1182,1,358.0,179.00,79,已流失
3219,1,1445.0,144.50,196,已流失
3215,1,1457.0,208.14,133,已流失
1166,1,1300.0,144.44,145,已流失
1162,1,1068.0,118.67,154,准流失
1154,1,1696.0,169.60,75,已流失
1146,1,1275.0,141.67,206,已流失
3179,1,430.0,215.00,44,已流失
3175,1,1568.0,156.80,57,准流失
3163,1,704.0,140.80,173,已流失
1114,1,1206.0,120.60,44,准流失
3151,1,539.0,179.67,1,准流失
1098,1,508.0,127.00,101,准流失
3143,1,1315.0,187.86,98,准流失
3139,1,378.0,189.00,72,已流失
3123,1,883.0,147.17,59,准流失
1066,1,1441.0,180.12,87,准流失
1278,1,1001.0,125.12,53,准流失
3339,1,1604.0,200.50,15,准流失
3591,1,427.0,142.33,169,已流失
1490,1,1048.0,174.67,160,已流失
1426,1,748.0,187.00,32,准流失
3487,1,1011.0,112.33,154,准流失
3499,1,763.0,152.60,47,准流失
1478,1,1785.0,178.50,11,准流失
3527,1,1044.0,116.00,73,准流失
1482,1,1510.0,151.00,1,准流失
3539,1,1344.0,149.33,162,已流失
3343,1,1226.0,122.60,64,准流失
1494,1,1086.0,120.67,197,已流失
1514,1,334.0,167.00,152,已流失
1522,1,1224.0,153.00,104,准流失
1538,1,1452.0,161.33,9,准流失
3587,1,1620.0,202.50,31,准流失
1542,1,754.0,188.50,192,已流失
1422,1,1020.0,170.00,43,准流失
3467,1,1292.0,143.56,166,已流失
1418,1,668.0,222.67,8,已流失
1414,1,446.0,223.00,33,已流失
3455,1,769.0,192.25,109,准流失
3451,1,429.0,107.25,173,准流失
3439,1,1023.0,127.88,146,已流失
3435,1,280.0,93.33,91,准流失
3431,1,1232.0,154.00,161,已流失
1382,1,1053.0,150.43,94,已流失
1378,1,1389.0,138.90,166,已流失
3411,1,651.0,217.00,165,已流失
1338,1,1115.0,185.83,182,已流失
3375,1,706.0,117.67,51,准流失
1322,1,655.0,109.17,210,已流失
3355,1,494.0,164.67,1,准流失
1302,1,338.0,84.50,159,准流失
2430,1,1084.0,135.50,165,已流失
2462,1,947.0,189.40,96,准流失
3083,1,787.0,196.75,178,已流失
1519,1,420.0,210.00,132,已流失
3546,1,1162.0,129.11,56,准流失
3550,1,1062.0,132.75,81,准流失
1503,1,1369.0,136.90,129,准流失
1507,1,1507.0,167.44,171,已流失
3558,1,1220.0,152.50,193,已流失
3566,1,1529.0,218.43,122,准流失
3570,1,298.0,99.33,57,准流失
1471,1,524.0,104.80,139,准流失
3578,1,1495.0,166.11,196,已流失
3582,1,1816.0,181.60,174,已流失
1543,1,1618.0,202.25,128,已流失
1547,1,443.0,147.67,62,已流失
3606,1,396.0,79.20,103,准流失
1563,1,867.0,216.75,53,已流失
3538,1,1043.0,115.89,115,准流失
1467,1,440.0,88.00,67,准流失
2498,1,378.0,126.00,120,准流失
3434,1,689.0,172.25,5,准流失
1339,1,1855.0,185.50,19,准流失
3394,1,1068.0,178.00,173,已流失
1347,1,434.0,217.00,198,已流失
1359,1,565.0,113.00,21,准流失
3410,1,590.0,118.00,101,准流失
1363,1,1576.0,157.60,156,已流失
3446,1,1439.0,205.57,5,准流失
1447,1,1391.0,154.56,187,已流失
3458,1,804.0,201.00,103,已流失
1427,1,239.0,119.50,165,准流失
1431,1,1477.0,164.11,125,准流失
3482,1,1097.0,121.89,114,准流失
3490,1,949.0,158.17,46,准流失
1443,1,337.0,168.50,46,准流失
1575,1,704.0,140.80,42,准流失
1587,1,1278.0,182.57,106,准流失
1595,1,624.0,124.80,52,准流失
1879,1,1127.0,125.22,64,准流失
1755,1,796.0,132.67,37,准流失
1767,1,597.0,149.25,82,已流失
1779,1,1599.0,199.88,138,已流失
3846,1,1012.0,126.50,98,准流失
1799,1,968.0,193.60,123,已流失
1875,1,1435.0,205.00,183,已流失
1883,1,258.0,129.00,116,准流失
3650,1,824.0,206.00,40,准流失
1887,1,1493.0,165.89,178,已流失
1931,1,418.0,209.00,192,已流失
1991,1,229.0,114.50,23,准流失
1995,1,440.0,220.00,65,准流失
2027,1,298.0,149.00,5,准流失
2039,1,782.0,156.40,118,已流失
1743,1,1124.0,187.33,62,准流失
3790,1,1704.0,170.40,3,非流失
1707,1,678.0,169.50,26,准流失
3742,1,421.0,140.33,92,已流失
3738,1,516.0,172.00,33,准流失
1687,1,1763.0,176.30,96,准流失
3698,1,272.0,136.00,160,已流失
3694,1,681.0,136.20,148,已流失
3690,1,584.0,116.80,54,准流失
1639,1,628.0,157.00,54,已流失
3686,1,626.0,104.33,38,准流失
3682,1,1016.0,145.14,196,已流失
1623,1,335.0,83.75,191,已流失
3666,1,875.0,175.00,129,已流失
3658,1,688.0,229.33,95,已流失
1607,1,417.0,104.25,74,准流失
3654,1,496.0,82.67,144,准流失
3374,1,862.0,143.67,202,已流失
1315,1,770.0,110.00,28,准流失
1303,1,641.0,106.83,90,准流失
2862,1,1131.0,161.57,191,已流失
2774,1,566.0,141.50,95,已流失
2782,1,695.0,173.75,57,准流失
2822,1,1490.0,149.00,102,准流失
2826,1,1280.0,142.22,6,准流失
2834,1,400.0,200.00,118,已流失
2858,1,1294.0,129.40,157,准流失
2890,1,1214.0,121.40,86,准流失
3014,1,680.0,226.67,48,已流失
2894,1,1604.0,200.50,187,已流失
2902,1,837.0,209.25,114,已流失
2906,1,960.0,137.14,24,准流失
2922,1,452.0,226.00,51,已流失
2950,1,347.0,173.50,177,已流失
2962,1,1275.0,159.38,13,准流失
2758,1,1406.0,140.60,14,准流失
2730,1,642.0,128.40,35,准流失
2706,1,666.0,111.00,97,准流失
2698,1,1223.0,122.30,149,准流失
2690,1,1017.0,169.50,13,准流失
2686,1,638.0,212.67,195,已流失
2666,1,643.0,214.33,186,已流失
2662,1,1086.0,120.67,96,准流失
2650,1,837.0,209.25,58,准流失
2646,1,1834.0,183.40,2,准流失
2634,1,970.0,107.78,52,准流失
2614,1,625.0,208.33,190,已流失
2602,1,600.0,120.00,186,准流失
2562,1,1269.0,141.00,107,准流失
2558,1,673.0,224.33,99,已流失
2542,1,409.0,136.33,117,已流失
2518,1,1036.0,172.67,192,已流失
2986,1,1429.0,142.90,7,准流失
3034,1,452.0,226.00,138,已流失
3346,1,1694.0,169.40,69,准流失
1255,1,612.0,122.40,78,准流失
1227,1,399.0,79.80,69,准流失
3282,1,341.0,170.50,89,已流失
3286,1,1180.0,168.57,126,已流失
3294,1,1554.0,155.40,178,已流失
1247,1,1076.0,134.50,3,准流失
3298,1,1259.0,179.86,42,准流失
3314,1,994.0,110.44,99,准流失
3054,1,1471.0,183.88,157,已流失
3318,1,463.0,154.33,51,准流失
1271,1,1204.0,172.00,16,准流失
1275,1,1433.0,159.22,49,准流失
1283,1,1139.0,189.83,172,已流失
3338,1,1006.0,111.78,148,准流失
1291,1,1633.0,163.30,199,已流失
3274,1,576.0,144.00,36,准流失
1215,1,435.0,87.00,64,准流失
1211,1,404.0,134.67,36,准流失
1175,1,586.0,117.20,48,准流失
3222,1,344.0,86.00,27,准流失
1163,1,472.0,157.33,206,已流失
3206,1,1035.0,115.00,109,准流失
1151,1,591.0,118.20,62,准流失
1143,1,1279.0,142.11,66,已流失
1127,1,1001.0,125.12,37,准流失
3170,1,697.0,232.33,170,已流失
3166,1,284.0,94.67,51,准流失
1111,1,1078.0,179.67,156,已流失
1107,1,711.0,142.20,51,准流失
1103,1,274.0,91.33,84,准流失
1031,1,1213.0,121.30,46,准流失
1015,1,1375.0,196.43,173,已流失
3111,1,599.0,149.75,34,准流失
3075,1,241.0,120.50,73,准流失
1956,1,1054.0,117.11,82,准流失
3308,1,1380.0,138.00,6,准流失
1193,1,702.0,140.40,149,已流失
3252,1,955.0,119.38,126,准流失
3264,1,1419.0,157.67,146,已流失
3268,1,321.0,160.50,181,已流失
3284,1,1495.0,166.11,97,准流失
1253,1,962.0,137.43,169,已流失
3312,1,1551.0,155.10,14,准流失
3220,1,579.0,144.75,106,已流失
3336,1,500.0,125.00,166,已流失
1289,1,1635.0,204.38,106,准流失
1297,1,374.0,124.67,126,已流失
1301,1,693.0,138.60,174,已流失
3356,1,619.0,206.33,154,已流失
1309,1,350.0,116.67,111,已流失
3228,1,861.0,172.20,161,已流失
3216,1,1140.0,162.86,41,准流失
3576,1,317.0,158.50,46,已流失
3132,1,829.0,207.25,102,已流失
3076,1,1295.0,161.88,136,已流失
3084,1,288.0,144.00,27,准流失
3092,1,1069.0,178.17,198,已流失
3104,1,598.0,199.33,69,已流失
1073,1,351.0,175.50,31,已流失
3124,1,975.0,139.29,103,准流失
3136,1,705.0,117.50,201,准流失
3208,1,994.0,165.67,44,准流失
1093,1,1523.0,169.22,210,已流失
3144,1,554.0,184.67,85,已流失
1109,1,1581.0,158.10,130,已流失
1125,1,424.0,84.80,88,准流失
1129,1,1316.0,131.60,110,准流失
3192,1,916.0,183.20,157,已流失
3364,1,787.0,157.40,188,已流失
1325,1,567.0,141.75,113,已流失
3376,1,739.0,184.75,18,准流失
1477,1,469.0,78.17,106,准流失
3496,1,683.0,136.60,197,已流失
1449,1,1117.0,124.11,113,准流失
3504,1,609.0,121.80,184,已流失
1457,1,1450.0,181.25,167,已流失
3520,1,989.0,109.89,209,已流失
3524,1,1092.0,136.50,164,已流失
3528,1,716.0,119.33,184,已流失
3380,1,393.0,131.00,135,已流失
1485,1,1016.0,127.00,64,准流失
3536,1,844.0,168.80,50,准流失
3540,1,876.0,146.00,77,准流失
3548,1,862.0,143.67,200,已流失
1505,1,892.0,178.40,187,已流失
1513,1,1626.0,203.25,119,已流失
3492,1,1420.0,142.00,56,已流失
3488,1,348.0,174.00,15,准流失
3472,1,1485.0,212.14,201,已流失
3464,1,548.0,91.33,174,已流失
1413,1,1056.0,132.00,193,已流失
3452,1,326.0,163.00,156,已流失
1401,1,236.0,118.00,166,已流失
3440,1,972.0,138.86,196,已流失
1385,1,937.0,156.17,18,准流失
1373,1,1122.0,140.25,1,准流失
3420,1,1485.0,148.50,88,准流失
1365,1,1264.0,180.57,132,已流失
3412,1,1302.0,144.67,187,已流失
3408,1,1036.0,115.11,24,准流失
3404,1,1194.0,132.67,129,准流失
1349,1,412.0,206.00,39,已流失
1337,1,949.0,158.17,127,已流失
3068,1,707.0,117.83,44,准流失
3040,1,983.0,163.83,35,准流失
3032,1,891.0,178.20,43,准流失
2312,1,1364.0,136.40,97,准流失
2252,1,689.0,172.25,143,已流失
2260,1,867.0,123.86,99,准流失
2272,1,741.0,123.50,199,已流失
2284,1,484.0,96.80,9,准流失
2300,1,630.0,105.00,189,已流失
2308,1,643.0,128.60,92,准流失
2316,1,458.0,152.67,143,已流失
2420,1,314.0,157.00,34,准流失
2320,1,517.0,103.40,43,准流失
2328,1,462.0,154.00,83,已流失
2372,1,1151.0,164.43,101,准流失
2380,1,1584.0,198.00,57,准流失
2388,1,1784.0,178.40,158,已流失
2408,1,1164.0,116.40,67,准流失
2248,1,626.0,104.33,163,准流失
2228,1,1571.0,157.10,108,准流失
2156,1,1237.0,154.62,202,已流失
2152,1,866.0,173.20,30,准流失
2112,1,398.0,199.00,78,已流失
2100,1,1344.0,149.33,7,准流失
2096,1,455.0,151.67,25,准流失
2072,1,578.0,192.67,21,已流失
2060,1,227.0,113.50,72,准流失
2056,1,851.0,212.75,178,已流失
2052,1,1194.0,149.25,125,准流失
2020,1,310.0,155.00,56,已流失
2012,1,705.0,141.00,86,已流失
2004,1,785.0,112.14,49,准流失
1992,1,1432.0,159.11,106,准流失
1984,1,484.0,161.33,106,已流失
1960,1,1162.0,116.20,81,准流失
2416,1,1270.0,181.43,59,准流失
2436,1,259.0,129.50,161,已流失
3004,1,1565.0,156.50,41,准流失
2848,1,1361.0,136.10,68,准流失
2748,1,656.0,164.00,49,准流失
2752,1,432.0,86.40,57,准流失
2768,1,1001.0,143.00,142,已流失
2788,1,499.0,99.80,2,准流失
2820,1,749.0,187.25,94,已流失
2832,1,893.0,178.60,107,已流失
2888,1,1067.0,152.43,163,已流失
2484,1,224.0,112.00,172,已流失
2896,1,433.0,216.50,113,准流失
2908,1,835.0,167.00,126,已流失
2920,1,1097.0,156.71,165,已流失
2940,1,671.0,134.20,46,准流失
2956,1,840.0,210.00,91,已流失
2980,1,276.0,138.00,153,已流失
2744,1,381.0,190.50,51,已流失
2724,1,789.0,197.25,118,已流失
2708,1,397.0,198.50,9,已流失
2700,1,410.0,205.00,170,已流失
2668,1,1441.0,205.86,79,已流失
2660,1,626.0,156.50,140,已流失
2652,1,1213.0,134.78,133,准流失
2648,1,647.0,107.83,28,准流失
2624,1,1463.0,162.56,118,准流失
2620,1,334.0,111.33,190,准流失
2612,1,1209.0,120.90,125,准流失
2568,1,1462.0,208.86,15,准流失
2560,1,1420.0,202.86,5,准流失
2532,1,429.0,214.50,29,已流失
2524,1,255.0,127.50,173,已流失
2516,1,609.0,152.25,76,已流失
2512,1,1156.0,165.14,108,已流失
3564,1,1266.0,140.67,124,准流失
3600,1,644.0,161.00,208,已流失
1026,1,913.0,152.17,21,准流失
2495,1,425.0,212.50,184,已流失
2439,1,445.0,111.25,186,已流失
2443,1,1196.0,170.86,89,准流失
2459,1,1214.0,121.40,142,准流失
2463,1,609.0,203.00,163,已流失
2467,1,1448.0,181.00,129,已流失
2483,1,463.0,154.33,24,准流失
2507,1,247.0,123.50,58,准流失
2411,1,367.0,183.50,154,已流失
2523,1,968.0,193.60,137,已流失
2531,1,1378.0,137.80,62,准流失
2547,1,721.0,144.20,192,已流失
2559,1,1352.0,135.20,140,准流失
2579,1,1263.0,180.43,13,准流失
2607,1,1725.0,172.50,112,准流失
2415,1,384.0,192.00,20,已流失
2399,1,1527.0,152.70,171,准流失
3616,1,1656.0,165.60,41,准流失
2279,1,471.0,117.75,87,准流失
2203,1,360.0,90.00,1,准流失
2215,1,1275.0,159.38,100,准流失
2223,1,1161.0,193.50,106,已流失
2255,1,865.0,123.57,164,已流失
2259,1,641.0,213.67,93,已流失
2271,1,518.0,86.33,136,准流失
2287,1,404.0,202.00,17,已流失
2383,1,438.0,146.00,155,已流失
2303,1,832.0,138.67,157,已流失
2307,1,1457.0,145.70,67,已流失
2327,1,938.0,104.22,110,准流失
2347,1,900.0,180.00,162,已流失
2355,1,290.0,96.67,34,准流失
2363,1,1048.0,174.67,3,准流失
2631,1,528.0,176.00,115,已流失
2655,1,395.0,197.50,7,已流失
2659,1,507.0,169.00,127,已流失
2967,1,252.0,126.00,168,准流失
2915,1,973.0,194.60,142,已流失
2927,1,1338.0,167.25,1,准流失
2931,1,1270.0,141.11,148,已流失
2939,1,695.0,115.83,195,已流失
2955,1,1414.0,141.40,132,准流失
2963,1,461.0,92.20,67,准流失
2991,1,801.0,114.43,138,已流失
2663,1,1315.0,164.38,201,已流失
3015,1,976.0,195.20,55,已流失
3035,1,1206.0,120.60,194,准流失
3039,1,1251.0,156.38,175,已流失
998,1,1015.0,112.78,36,准流失
1002,1,775.0,129.17,85,准流失
3059,1,573.0,114.60,26,准流失
2907,1,459.0,91.80,88,准流失
2899,1,434.0,217.00,54,准流失
2859,1,1382.0,172.75,116,已流失
2847,1,1232.0,176.00,122,准流失
2839,1,344.0,86.00,168,准流失
2827,1,1123.0,124.78,94,准流失
2803,1,244.0,122.00,55,准流失
2799,1,1087.0,155.29,19,准流失
2795,1,722.0,120.33,6,准流失
2787,1,550.0,91.67,106,准流失
2747,1,631.0,210.33,187,已流失
2739,1,1162.0,166.00,47,准流失
2735,1,1518.0,168.67,134,已流失
2731,1,936.0,133.71,79,准流失
2715,1,1710.0,171.00,207,已流失
2687,1,1244.0,138.22,138,准流失
2675,1,1010.0,168.33,82,已流失
2191,1,402.0,100.50,141,已流失
2183,1,495.0,82.50,145,准流失
2179,1,1414.0,202.00,31,准流失
1713,1,622.0,207.33,67,已流失
1669,1,1383.0,172.88,200,已流失
3720,1,436.0,109.00,76,准流失
1677,1,1164.0,166.29,66,已流失
3732,1,1314.0,131.40,21,准流失
1685,1,383.0,191.50,85,已流失
3736,1,546.0,182.00,186,已流失
3776,1,434.0,108.50,171,准流失
1785,1,1183.0,169.00,162,已流失
3780,1,337.0,112.33,161,已流失
1741,1,409.0,102.25,54,准流失
3792,1,636.0,159.00,7,非流失
3804,1,1070.0,133.75,7,准流失
3816,1,938.0,117.25,46,准流失
1769,1,823.0,117.57,201,已流失
3712,1,1349.0,168.62,3,准流失
1661,1,1303.0,130.30,57,准流失
1657,1,420.0,84.00,209,准流失
3704,1,687.0,137.40,196,已流失
3700,1,1366.0,136.60,122,准流失
3688,1,1080.0,180.00,135,已流失
1633,1,1480.0,164.44,105,准流失
1629,1,1783.0,178.30,148,已流失
1621,1,638.0,106.33,65,准流失
1609,1,663.0,165.75,62,已流失
3656,1,1019.0,113.22,207,已流失
1601,1,847.0,121.00,65,准流失
1597,1,1085.0,155.00,193,已流失
3640,1,639.0,127.80,110,准流失
3636,1,1332.0,148.00,50,准流失
3632,1,1266.0,140.67,105,已流失
3628,1,1473.0,163.67,36,准流失
3828,1,1245.0,155.62,128,已流失
3840,1,572.0,143.00,129,已流失
2159,1,402.0,201.00,165,已流失
2067,1,718.0,119.67,62,准流失
1989,1,444.0,111.00,54,准流失
2001,1,389.0,129.67,156,准流失
2009,1,630.0,210.00,14,准流失
2017,1,357.0,89.25,131,准流失
2025,1,236.0,118.00,110,已流失
2037,1,940.0,104.44,143,准流失
2095,1,927.0,185.40,182,已流失
1793,1,775.0,129.17,128,准流失
2099,1,1330.0,190.00,22,准流失
2115,1,896.0,179.20,48,准流失
2127,1,519.0,173.00,93,已流失
2043,1,560.0,186.67,199,已流失
2143,1,512.0,128.00,103,准流失
2151,1,431.0,86.20,18,准流失
1985,1,1175.0,195.83,73,已流失
1981,1,1129.0,161.29,94,准流失
1977,1,1238.0,123.80,179,已流失
1965,1,951.0,190.20,124,已流失
1957,1,638.0,212.67,32,已流失
1953,1,586.0,97.67,184,已流失
1949,1,333.0,166.50,2,准流失
1945,1,694.0,173.50,41,准流失
1941,1,1156.0,165.14,11,准流失
1905,1,599.0,199.67,164,已流失
1897,1,1285.0,142.78,159,已流失
1885,1,1716.0,171.60,153,已流失
1861,1,552.0,110.40,40,准流失
1837,1,809.0,161.80,115,已流失
1833,1,440.0,220.00,202,已流失
1805,1,716.0,143.20,4,准流失
1797,1,481.0,120.25,72,准流失
2049,1,320.0,106.67,3,准流失
